length_mm,voltage,time_range
1,2.59,50-70s
1,2.57,50-70s
1,2.57,50-70s
1,2.55,50-70s
1,2.57,50-70s
1,2.58,50-70s
1,2.58,50-70s
1,2.58,50-70s
1,2.59,50-70s
1,2.58,50-70s
1,2.59,50-70s
1,2.58,50-70s
1,2.57,50-70s
1,2.59,50-70s
1,2.56,50-70s
1,2.55,50-70s
1,2.58,50-70s
1,2.59,50-70s
1,2.57,50-70s
1,2.56,50-70s
1,2.58,50-70s
1,2.54,50-70s
1,2.56,50-70s
1,2.59,50-70s
1,2.58,50-70s
1,2.57,50-70s
1,2.56,50-70s
1,2.5,50-70s
1,2.53,50-70s
1,2.48,50-70s
1,2.54,50-70s
1,2.54,50-70s
1,2.51,50-70s
1,2.53,50-70s
1,2.58,50-70s
1,2.53,50-70s
1,2.56,50-70s
1,2.51,50-70s
1,2.57,50-70s
1,2.52,50-70s
1,2.55,50-70s
1,2.56,50-70s
1,2.57,50-70s
1,2.57,50-70s
1,2.49,50-70s
1,2.56,50-70s
1,2.48,50-70s
1,2.51,50-70s
1,2.49,50-70s
1,2.55,50-70s
1,2.54,50-70s
1,2.55,50-70s
1,2.5,50-70s
1,2.56,50-70s
1,2.54,50-70s
1,2.56,50-70s
1,2.51,50-70s
1,2.46,50-70s
1,2.46,50-70s
1,2.58,50-70s
1,2.55,50-70s
1,2.59,50-70s
1,2.57,50-70s
1,2.59,50-70s
1,2.58,50-70s
1,2.56,50-70s
1,2.57,50-70s
1,2.56,50-70s
1,2.57,50-70s
1,2.59,50-70s
1,2.58,50-70s
1,2.57,50-70s
1,2.58,50-70s
1,2.58,50-70s
1,2.57,50-70s
1,2.58,50-70s
1,2.58,50-70s
1,2.57,50-70s
1,2.57,50-70s
2,0.194,80-100s
2,0.195,80-100s
2,0.197,80-100s
2,0.196,80-100s
2,0.199,80-100s
2,0.197,80-100s
2,0.195,80-100s
2,0.196,80-100s
2,0.196,80-100s
2,0.197,80-100s
2,0.199,80-100s
2,0.195,80-100s
2,0.19,80-100s
2,0.197,80-100s
2,0.197,80-100s
2,0.193,80-100s
2,0.197,80-100s
2,0.199,80-100s
2,0.197,80-100s
2,0.198,80-100s
2,0.199,80-100s
2,0.199,80-100s
2,0.198,80-100s
2,0.198,80-100s
2,0.198,80-100s
2,0.196,80-100s
2,0.197,80-100s
2,0.19,80-100s
2,0.197,80-100s
2,0.195,80-100s
2,0.199,80-100s
2,0.197,80-100s
2,0.197,80-100s
2,0.197,80-100s
2,0.197,80-100s
2,0.195,80-100s
2,0.198,80-100s
2,0.188,80-100s
2,0.189,80-100s
2,0.195,80-100s
2,0.197,80-100s
2,0.197,80-100s
2,0.197,80-100s
2,0.193,80-100s
2,0.179,80-100s
2,0.187,80-100s
2,0.194,80-100s
2,0.181,80-100s
2,0.175,80-100s
2,0.185,80-100s
2,0.192,80-100s
2,0.184,80-100s
2,0.192,80-100s
2,0.19,80-100s
2,0.191,80-100s
2,0.19,80-100s
2,0.187,80-100s
2,0.19,80-100s
2,0.19,80-100s
2,0.191,80-100s
2,0.184,80-100s
2,0.182,80-100s
2,0.186,80-100s
2,0.193,80-100s
2,0.193,80-100s
2,0.184,80-100s
2,0.191,80-100s
2,0.181,80-100s
2,0.179,80-100s
2,0.19,80-100s
2,0.193,80-100s
2,0.181,80-100s
2,0.193,80-100s
2,0.176,80-100s
2,0.177,80-100s
2,0.187,80-100s
2,0.176,80-100s
2,0.165,80-100s
2,0.138,80-100s
3,-2.2,125-150s
3,-2.28,125-150s
3,-2.22,125-150s
3,-2.26,125-150s
3,-2.28,125-150s
3,-2.25,125-150s
3,-2.3,125-150s
3,-2.27,125-150s
3,-2.28,125-150s
3,-2.26,125-150s
3,-2.28,125-150s
3,-2.27,125-150s
3,-2.27,125-150s
3,-2.23,125-150s
3,-2.23,125-150s
3,-2.25,125-150s
3,-2.31,125-150s
3,-2.28,125-150s
3,-2.29,125-150s
3,-2.3,125-150s
3,-2.26,125-150s
3,-2.22,125-150s
3,-2.25,125-150s
3,-2.21,125-150s
3,-2.26,125-150s
3,-2.23,125-150s
3,-2.29,125-150s
3,-2.29,125-150s
3,-2.3,125-150s
3,-2.28,125-150s
3,-2.27,125-150s
3,-2.28,125-150s
3,-2.3,125-150s
3,-2.3,125-150s
3,-2.3,125-150s
3,-2.2,125-150s
3,-2.2,125-150s
3,-2.21,125-150s
3,-2.22,125-150s
3,-2.21,125-150s
3,-2.2,125-150s
3,-2.21,125-150s
3,-2.2,125-150s
3,-2.21,125-150s
3,-2.21,125-150s
3,-2.21,125-150s
3,-2.2,125-150s
3,-2.21,125-150s
3,-2.22,125-150s
3,-2.23,125-150s
3,-2.2,125-150s
3,-2.21,125-150s
3,-2.21,125-150s
3,-2.2,125-150s
3,-2.22,125-150s
3,-2.21,125-150s
3,-2.21,125-150s
3,-2.22,125-150s
3,-2.22,125-150s
3,-2.22,125-150s
3,-2.23,125-150s
3,-2.21,125-150s
3,-2.22,125-150s
3,-2.23,125-150s
3,-2.2,125-150s
3,-2.22,125-150s
3,-2.21,125-150s
3,-2.21,125-150s
3,-2.21,125-150s
3,-2.25,125-150s
3,-2.21,125-150s
3,-2.22,125-150s
3,-2.22,125-150s
3,-2.27,125-150s
3,-2.25,125-150s
3,-2.28,125-150s
3,-2.23,125-150s
3,-2.26,125-150s
3,-2.23,125-150s
3,-2.34,125-150s
3,-2.23,125-150s
3,-2.27,125-150s
3,-2.25,125-150s
3,-2.24,125-150s
3,-2.28,125-150s
3,-2.31,125-150s
3,-2.28,125-150s
3,-2.28,125-150s
3,-2.28,125-150s
3,-2.22,125-150s
3,-2.3,125-150s
3,-2.23,125-150s
3,-2.22,125-150s
3,-2.23,125-150s
3,-2.23,125-150s
3,-2.21,125-150s
3,-2.23,125-150s
3,-2.27,125-150s
3,-2.21,125-150s
4,-4.73,160-190s
4,-4.7,160-190s
4,-4.7,160-190s
4,-4.67,160-190s
4,-4.69,160-190s
4,-4.68,160-190s
4,-4.65,160-190s
4,-4.66,160-190s
4,-4.7,160-190s
4,-4.68,160-190s
4,-4.73,160-190s
4,-4.75,160-190s
4,-4.74,160-190s
4,-4.71,160-190s
4,-4.68,160-190s
4,-4.72,160-190s
4,-4.69,160-190s
4,-4.68,160-190s
4,-4.65,160-190s
4,-4.66,160-190s
4,-4.72,160-190s
4,-4.69,160-190s
4,-4.69,160-190s
4,-4.74,160-190s
4,-4.72,160-190s
4,-4.69,160-190s
4,-4.65,160-190s
4,-4.72,160-190s
4,-4.72,160-190s
4,-4.73,160-190s
4,-4.7,160-190s
4,-4.7,160-190s
4,-4.72,160-190s
4,-4.7,160-190s
4,-4.68,160-190s
4,-4.72,160-190s
4,-4.69,160-190s
4,-4.67,160-190s
4,-4.64,160-190s
4,-4.66,160-190s
4,-4.72,160-190s
4,-4.67,160-190s
4,-4.65,160-190s
4,-4.7,160-190s
4,-4.63,160-190s
4,-4.66,160-190s
4,-4.68,160-190s
4,-4.69,160-190s
4,-4.71,160-190s
4,-4.7,160-190s
4,-4.67,160-190s
4,-4.69,160-190s
4,-4.71,160-190s
4,-4.67,160-190s
4,-4.66,160-190s
4,-4.68,160-190s
4,-4.67,160-190s
4,-4.7,160-190s
4,-4.68,160-190s
4,-4.71,160-190s
4,-4.67,160-190s
4,-4.67,160-190s
4,-4.7,160-190s
4,-4.71,160-190s
4,-4.71,160-190s
4,-4.71,160-190s
4,-4.6,160-190s
4,-4.6,160-190s
4,-4.6,160-190s
4,-4.6,160-190s
4,-4.6,160-190s
4,-4.6,160-190s
4,-4.6,160-190s
4,-4.6,160-190s
4,-4.6,160-190s
4,-4.6,160-190s
4,-4.6,160-190s
4,-4.6,160-190s
4,-4.6,160-190s
4,-4.6,160-190s
4,-4.6,160-190s
4,-4.6,160-190s
4,-4.6,160-190s
4,-4.6,160-190s
4,-4.6,160-190s
4,-4.6,160-190s
4,-4.6,160-190s
4,-4.61,160-190s
4,-4.6,160-190s
4,-4.6,160-190s
4,-4.6,160-190s
4,-4.6,160-190s
4,-4.6,160-190s
4,-4.6,160-190s
4,-4.6,160-190s
4,-4.6,160-190s
4,-4.6,160-190s
4,-4.6,160-190s
4,-4.6,160-190s
4,-4.6,160-190s
4,-4.68,160-190s
4,-4.64,160-190s
4,-4.64,160-190s
4,-4.68,160-190s
4,-4.63,160-190s
4,-4.66,160-190s
4,-4.63,160-190s
4,-4.64,160-190s
4,-4.62,160-190s
4,-4.63,160-190s
4,-4.64,160-190s
4,-4.61,160-190s
4,-4.62,160-190s
4,-4.67,160-190s
4,-4.65,160-190s
4,-4.64,160-190s
4,-4.62,160-190s
4,-4.65,160-190s
5,-7.06,210-230s
5,-7.08,210-230s
5,-7.07,210-230s
5,-7.07,210-230s
5,-7.12,210-230s
5,-7.15,210-230s
5,-7.18,210-230s
5,-7.15,210-230s
5,-7.13,210-230s
5,-7.16,210-230s
5,-7.15,210-230s
5,-7.2,210-230s
5,-7.15,210-230s
5,-7.17,210-230s
5,-7.19,210-230s
5,-7.12,210-230s
5,-7.16,210-230s
5,-7.2,210-230s
5,-7.22,210-230s
5,-7.18,210-230s
5,-7.19,210-230s
5,-7.11,210-230s
5,-7.15,210-230s
5,-7.12,210-230s
5,-7.14,210-230s
5,-7.22,210-230s
5,-7.15,210-230s
5,-7.09,210-230s
5,-7.18,210-230s
5,-7.12,210-230s
5,-7.15,210-230s
5,-7.15,210-230s
5,-7.14,210-230s
5,-7.18,210-230s
5,-7.15,210-230s
5,-7.15,210-230s
5,-7.11,210-230s
5,-7.13,210-230s
5,-7.0,210-230s
5,-7.0,210-230s
5,-7.0,210-230s
5,-7.0,210-230s
5,-7.0,210-230s
5,-7.0,210-230s
5,-7.0,210-230s
5,-7.0,210-230s
5,-7.0,210-230s
5,-7.0,210-230s
5,-7.0,210-230s
5,-7.0,210-230s
5,-7.0,210-230s
5,-7.0,210-230s
5,-7.0,210-230s
5,-7.0,210-230s
5,-7.0,210-230s
5,-7.0,210-230s
5,-7.0,210-230s
5,-7.0,210-230s
5,-7.0,210-230s
5,-7.0,210-230s
5,-7.0,210-230s
5,-7.0,210-230s
5,-7.0,210-230s
5,-7.0,210-230s
5,-7.0,210-230s
5,-7.0,210-230s
5,-7.0,210-230s
5,-7.0,210-230s
5,-7.0,210-230s
5,-7.0,210-230s
5,-7.0,210-230s
5,-7.0,210-230s
5,-7.0,210-230s
5,-7.01,210-230s
5,-7.0,210-230s
5,-7.01,210-230s
5,-7.0,210-230s
5,-7.0,210-230s
5,-7.02,210-230s
6,-9.51,240-270s
6,-9.53,240-270s
6,-9.53,240-270s
6,-9.56,240-270s
6,-9.5,240-270s
6,-9.55,240-270s
6,-9.52,240-270s
6,-9.55,240-270s
6,-9.5,240-270s
6,-9.54,240-270s
6,-9.54,240-270s
6,-9.54,240-270s
6,-9.52,240-270s
6,-9.55,240-270s
6,-9.49,240-270s
6,-9.56,240-270s
6,-9.5,240-270s
6,-9.54,240-270s
6,-9.5,240-270s
6,-9.53,240-270s
6,-9.52,240-270s
6,-9.52,240-270s
6,-9.63,240-270s
6,-9.59,240-270s
6,-9.53,240-270s
6,-9.58,240-270s
6,-9.65,240-270s
6,-9.61,240-270s
6,-9.61,240-270s
6,-9.61,240-270s
6,-9.61,240-270s
6,-9.61,240-270s
6,-9.61,240-270s
6,-9.64,240-270s
6,-9.62,240-270s
6,-9.62,240-270s
6,-9.61,240-270s
6,-9.59,240-270s
6,-9.62,240-270s
6,-9.64,240-270s
6,-9.62,240-270s
6,-9.67,240-270s
6,-9.64,240-270s
6,-9.7,240-270s
6,-9.64,240-270s
6,-9.64,240-270s
6,-9.67,240-270s
6,-9.61,240-270s
6,-9.64,240-270s
6,-9.64,240-270s
6,-9.66,240-270s
6,-9.67,240-270s
6,-9.63,240-270s
6,-9.63,240-270s
6,-9.62,240-270s
6,-9.62,240-270s
6,-9.52,240-270s
6,-9.45,240-270s
6,-9.46,240-270s
6,-9.5,240-270s
6,-9.46,240-270s
6,-9.48,240-270s
6,-9.49,240-270s
6,-9.5,240-270s
6,-9.48,240-270s
6,-9.53,240-270s
6,-9.53,240-270s
6,-9.48,240-270s
6,-9.49,240-270s
6,-9.5,240-270s
6,-9.45,240-270s
6,-9.49,240-270s
6,-9.48,240-270s
6,-9.49,240-270s
6,-9.49,240-270s
6,-9.51,240-270s
6,-9.5,240-270s
6,-9.5,240-270s
6,-9.46,240-270s
6,-9.45,240-270s
6,-9.51,240-270s
6,-9.53,240-270s
6,-9.47,240-270s
6,-9.49,240-270s
6,-9.5,240-270s
6,-9.49,240-270s
6,-9.51,240-270s
6,-9.46,240-270s
6,-9.44,240-270s
6,-9.44,240-270s
6,-9.48,240-270s
6,-9.52,240-270s
6,-9.47,240-270s
6,-9.49,240-270s
6,-9.52,240-270s
6,-9.52,240-270s
6,-9.48,240-270s
6,-9.49,240-270s
6,-9.52,240-270s
6,-9.55,240-270s
6,-9.55,240-270s
6,-9.56,240-270s
6,-9.48,240-270s
6,-9.51,240-270s
6,-9.49,240-270s
6,-9.52,240-270s
6,-9.54,240-270s
6,-9.49,240-270s
6,-9.52,240-270s
6,-9.55,240-270s
6,-9.55,240-270s
6,-9.53,240-270s
6,-9.51,240-270s
6,-9.53,240-270s
6,-9.49,240-270s
6,-9.55,240-270s
6,-9.51,240-270s
6,-9.49,240-270s
6,-9.52,240-270s
