time_s,force_V
0.0,11.816
0.5,11.818
1.0,11.819
1.5,11.815
2.0,11.8165
2.5,11.818
3.0,11.818
3.5,11.818
4.0,11.818
4.5,11.815666666666667
5.0,11.813333333333333
5.5,11.811
6.0,11.818
6.5,11.815
7.0,11.811
7.5,11.818
8.0,11.82
8.5,11.813
9.0,11.814
9.5,11.816500000000001
10.0,11.819
10.5,11.815
11.0,11.815
11.5,11.815
12.0,11.812999999999999
12.5,11.811
13.0,11.813
13.5,11.819
14.0,11.813
14.5,11.815
15.0,11.816
15.5,11.817
16.0,11.818
16.5,11.814499999999999
17.0,11.811
17.5,11.812
18.0,11.815
18.5,11.815
19.0,11.814
19.5,11.818
20.0,11.817
20.5,11.816
21.0,11.813
21.5,11.814
22.0,11.815999999999999
22.5,11.818
23.0,11.815
23.5,11.816
24.0,11.811
24.5,11.813
25.0,11.815
25.5,11.815
26.0,11.815
26.5,11.813
27.0,11.814
27.5,11.815
28.0,11.815
28.5,11.815
29.0,11.813
29.5,11.813
30.0,11.813
30.5,11.813
31.0,11.813
31.5,11.812
32.0,11.816
32.5,11.812
33.0,11.812
33.5,11.815
34.0,11.814
34.5,11.814
35.0,11.814
35.5,11.814
36.0,11.815
36.5,11.813
37.0,11.813
37.5,11.813
38.0,11.813
38.5,11.814
39.0,11.813500000000001
39.5,11.813
40.0,11.814
40.5,11.815
41.0,11.813
41.5,11.813
42.0,11.812
42.5,11.815
43.0,11.814
43.5,11.813
44.0,11.813
44.5,11.814
45.0,11.815
45.5,11.814
46.0,11.813
46.5,11.813
47.0,11.81
47.5,11.812
48.0,11.812
48.5,11.812
49.0,11.8125
49.5,11.813
50.0,11.81
50.5,11.813
51.0,11.8125
51.5,11.812
52.0,11.812
52.5,11.81
53.0,11.408
53.5,11.801
54.0,11.809
54.5,11.801
55.0,11.805
55.5,11.808
56.0,11.803
56.5,11.804
57.0,11.808
57.5,11.805
58.0,11.81
58.5,11.809
59.0,11.808
59.5,11.806
60.0,11.806
60.5,11.8095
61.0,11.813
61.5,11.8125
62.0,11.812
62.5,11.8135
63.0,11.815
63.5,11.809
64.0,11.809
64.5,11.809
65.0,11.809
65.5,11.804
66.0,11.808
66.5,11.807
67.0,11.81
67.5,11.81
68.0,11.808
68.5,11.805
69.0,11.809
69.5,11.804
70.0,11.807
70.5,11.807666666666666
71.0,11.808333333333334
71.5,11.809
72.0,11.806
72.5,11.806
73.0,11.805
73.5,11.806
74.0,11.806
74.5,11.805
75.0,11.806
75.5,11.805
76.0,11.807
76.5,11.801
77.0,11.801
77.5,11.805
78.0,11.801
78.5,11.805
79.0,11.806
79.5,11.804
80.0,11.801
80.5,11.801
81.0,11.801
81.5,11.806
82.0,11.805
82.5,11.806
83.0,11.806
83.5,11.805
84.0,11.806
84.5,11.806
85.0,11.806
85.5,11.806
86.0,11.807
86.5,11.806
87.0,11.806
87.5,11.801
88.0,11.806
88.5,11.806
89.0,11.806
89.5,11.806
90.0,11.805
90.5,11.804
91.0,11.803
91.5,11.805
92.0,11.804
92.5,11.807
93.0,11.804
93.5,11.801
94.0,11.806
94.5,11.805
95.0,11.804
95.5,11.803
96.0,11.802
96.5,11.802
97.0,11.805
97.5,11.8035
98.0,11.802
98.5,11.805
99.0,11.804
99.5,11.804
100.0,11.802
100.5,11.802
101.0,11.802
101.5,11.803
102.0,11.804
102.5,11.803
103.0,11.803
103.5,11.804
104.0,11.803
104.5,11.802
105.0,11.8025
105.5,11.803
106.0,11.803
106.5,11.803
107.0,11.801666666666668
107.5,11.800333333333333
108.0,11.799
108.5,11.799666666666667
109.0,11.800333333333333
109.5,11.801
110.0,11.801666666666668
110.5,11.802333333333333
111.0,11.803
111.5,11.882
112.0,11.840499999999999
112.5,11.799
113.0,11.799
113.5,11.7985
114.0,11.798
114.5,11.799
115.0,11.799
115.5,11.802
116.0,11.799
116.5,11.8005
117.0,11.802
117.5,11.799
118.0,11.798
118.5,11.799
119.0,11.799
119.5,11.799
120.0,11.798
120.5,11.798
121.0,11.798
121.5,11.808
122.0,11.804
122.5,11.8
123.0,11.805
123.5,11.804499999999999
124.0,11.804
124.5,11.8035
125.0,11.802999999999999
125.5,11.8025
126.0,11.802
126.5,11.798
127.0,11.798
127.5,11.798
128.0,11.798
128.5,11.798
129.0,11.798
129.5,11.796
130.0,11.797
130.5,11.796
131.0,11.797
131.5,11.798
132.0,11.197
132.5,11.1975
133.0,11.198
133.5,11.799
134.0,11.798
134.5,11.882
135.0,11.854
135.5,11.826
136.0,11.798
136.5,11.197
137.0,11.497499999999999
137.5,11.798
138.0,11.799
138.5,11.7985
139.0,11.798
139.5,11.797
140.0,11.796
140.5,11.799
141.0,11.799
141.5,11.197
142.0,11.796
142.5,11.7955
143.0,11.795
143.5,11.7965
144.0,11.798
144.5,11.796
145.0,11.796999999999999
145.5,11.798
146.0,11.799
146.5,11.799
147.0,11.798
147.5,11.795
148.0,11.797
148.5,11.794
149.0,11.799
149.5,11.798
150.0,11.796
150.5,11.796
151.0,11.796
151.5,11.798
152.0,11.797
152.5,11.798
153.0,11.799
153.5,11.195
154.0,11.193999999999999
154.5,11.193
155.0,11.195
155.5,11.794
156.0,11.799
156.5,11.798
157.0,11.796
157.5,11.796
158.0,11.798
158.5,11.795
159.0,11.795
159.5,11.797
160.0,11.794
160.5,11.797
161.0,11.794
161.5,11.796
162.0,11.194
162.5,11.794
163.0,11.793
163.5,11.793
164.0,11.797
164.5,11.794
165.0,11.794
165.5,11.798
166.0,11.792
166.5,11.795
167.0,11.795
167.5,11.796
168.0,11.795
168.5,11.195
169.0,11.194
169.5,11.794
170.0,11.795
170.5,11.798
171.0,11.195
171.5,11.796
172.0,11.794
172.5,11.795
173.0,11.179
173.5,11.797
174.0,11.793
174.5,11.796
175.0,11.793
175.5,11.795
176.0,11.797
176.5,11.792
177.0,11.194
177.5,11.793
178.0,11.792
178.5,11.794
179.0,11.179
179.5,11.196
180.0,11.794
180.5,11.788
181.0,11.793
181.5,11.19
182.0,11.792
182.5,11.794
183.0,11.179
183.5,11.195
184.0,11.793
184.5,11.179
185.0,11.792
185.5,11.789
186.0,11.792
186.5,11.179
187.0,11.793
187.5,11.79
188.0,11.795
188.5,11.119
189.0,11.179
189.5,11.794
190.0,11.79
190.5,11.792
191.0,11.789
191.5,11.788
192.0,11.789
192.5,11.189
193.0,11.792
193.5,11.491
194.0,11.19
194.5,11.179
195.0,11.792
195.5,11.179
196.0,11.794
196.5,11.789
197.0,11.179
197.5,11.793
198.0,11.794
198.5,11.793
199.0,11.793
199.5,11.792
200.0,11.179
200.5,11.179
201.0,11.789
201.5,11.19
202.0,11.789
202.5,11.191
203.0,11.79
203.5,11.79
204.0,11.787
204.5,11.79
205.0,11.788
205.5,11.787
206.0,11.789
206.5,11.79
207.0,11.789
207.5,11.188
208.0,11.488
208.5,11.788
209.0,11.186
209.5,11.789
210.0,11.188
210.5,11.186
211.0,11.185500000000001
211.5,11.185
212.0,11.788
212.5,11.188
213.0,11.787
213.5,11.189
214.0,11.186
214.5,11.789
215.0,11.789
215.5,11.185
216.0,11.189
216.5,11.188
217.0,11.788
217.5,11.185
218.0,11.186
218.5,11.186
219.0,11.784
219.5,11.788
220.0,11.184
220.5,11.788
221.0,11.784
221.5,11.185
222.0,11.186
222.5,11.786
223.0,11.185
223.5,11.187
224.0,11.789
224.5,11.185
225.0,11.785
225.5,11.785
226.0,11.786
226.5,11.184
227.0,11.784
227.5,11.784
228.0,11.784
228.5,11.783
229.0,11.784
229.5,11.782
230.0,11.187
230.5,11.182
231.0,11.183
231.5,11.78
232.0,11.786
232.5,11.178
233.0,11.186
233.5,11.178
234.0,11.182
234.5,11.785
235.0,11.785
235.5,11.185
236.0,11.182
236.5,11.185
237.0,11.182
237.5,11.786
238.0,11.782
238.5,11.185
239.0,11.784
239.5,11.185
240.0,11.779
240.5,11.782
241.0,11.178
241.5,11.178
242.0,11.782
242.5,10.783
243.0,11.178
243.5,11.782
244.0,11.783
244.5,11.779
245.0,11.184
245.5,11.178
246.0,11.78
246.5,11.178
247.0,11.779
247.5,11.178
248.0,11.118
248.5,11.118
249.0,11.182
249.5,11.778
250.0,11.778
250.5,11.178
251.0,11.78
251.5,11.783
252.0,11.778
252.5,11.778500000000001
253.0,11.779
253.5,11.78
254.0,11.780999999999999
254.5,11.782
255.0,11.778
255.5,11.178
256.0,11.179
256.5,11.18
257.0,11.776
257.5,11.7775
258.0,11.779
258.5,11.776
259.0,11.478
259.5,11.18
260.0,11.775
260.5,11.776
261.0,11.78
261.5,11.775
262.0,11.178
262.5,11.18
263.0,11.18
263.5,11.18
264.0,11.776
264.5,11.781
265.0,11.780000000000001
265.5,11.779
266.0,11.778
266.5,11.78
267.0,11.779
267.5,11.775
268.0,11.779
268.5,11.778
269.0,11.776
269.5,11.775
270.0,11.775
270.5,11.776
271.0,11.777000000000001
271.5,11.778
272.0,11.778
272.5,11.775
273.0,11.713
273.5,11.745999999999999
274.0,11.779
274.5,11.779
275.0,11.779
275.5,11.713
276.0,11.778
276.5,11.479
277.0,11.18
277.5,11.713
278.0,11.776
278.5,11.776
279.0,11.778
279.5,11.777000000000001
280.0,11.776
280.5,11.776
281.0,11.775
281.5,11.775
282.0,11.775
282.5,11.775
283.0,11.715
283.5,11.776
284.0,11.775
284.5,11.775
285.0,11.775
285.5,11.713
286.0,11.775
286.5,11.775
287.0,11.775
287.5,11.775
288.0,11.775
288.5,11.776
289.0,11.776
289.5,11.776
290.0,11.776
290.5,11.776
291.0,11.776
291.5,11.775666666666666
292.0,11.775333333333334
292.5,11.775
293.0,11.4435
293.5,11.112
294.0,11.2322
294.5,11.3524
295.0,11.4726
295.5,11.592799999999999
296.0,11.713
296.5,11.773
297.0,11.712
297.5,11.742999999999999
298.0,11.774
298.5,11.776
299.0,11.744
299.5,11.712
300.0,11.775
300.5,11.775
301.0,11.769
301.5,11.773
302.0,11.7425
302.5,11.712
303.0,11.712
303.5,11.712
304.0,11.712
304.5,11.731
305.0,11.75
305.5,11.769
306.0,11.7695
306.5,11.77
307.0,11.712
307.5,11.712
308.0,11.712
308.5,11.769
309.0,11.77
309.5,11.771666666666667
310.0,11.773333333333333
310.5,11.775
311.0,11.7715
311.5,11.768
312.0,11.767
312.5,11.7671
313.0,11.767199999999999
313.5,11.7673
314.0,11.7674
314.5,11.7675
315.0,11.7676
315.5,11.7677
316.0,11.767800000000001
316.5,11.767900000000001
317.0,11.768
317.5,11.165
318.0,11.176
318.5,11.176
319.0,11.472000000000001
319.5,11.768
320.0,11.766
320.5,11.768
321.0,11.169
321.5,11.163
322.0,11.766
322.5,11.176
323.0,11.168
323.5,11.768
324.0,11.176
324.5,11.769
325.0,11.176
325.5,11.169
326.0,11.165
326.5,11.766
327.0,11.176
327.5,11.768
328.0,11.165
328.5,11.166
329.0,11.764
329.5,11.465
330.0,11.166
330.5,11.165
331.0,11.77
331.5,11.176
332.0,11.166
332.5,11.168
333.0,11.766
333.5,11.764
334.0,11.116
334.5,11.764
335.0,11.766
335.5,11.763
336.0,11.165
336.5,11.163
337.0,11.762
337.5,11.762
338.0,11.176
338.5,11.162
339.0,11.763
339.5,11.163
340.0,11.163
340.5,11.764
341.0,11.165
341.5,11.764
342.0,11.162
342.5,11.162
343.0,11.176
343.5,11.766
344.0,11.163
344.5,11.163
345.0,11.162
345.5,11.158
346.0,11.157
346.5,11.162
347.0,11.176
347.5,11.163
348.0,11.76
348.5,11.176
349.0,11.76
349.5,11.76
350.0,11.163
350.5,11.165
351.0,11.762
351.5,11.165
352.0,11.176
352.5,11.165
353.0,11.163
353.5,11.176
354.0,11.162
354.5,11.176
355.0,11.176
355.5,11.762
356.0,11.176
356.5,11.762
357.0,11.176
357.5,11.159
358.0,11.762
358.5,11.759
359.0,11.76
359.5,11.157
360.0,11.76
360.5,11.759
361.0,11.162
361.5,11.756
362.0,11.176
362.5,11.176
363.0,11.762
363.5,11.756
364.0,11.763
364.5,11.758
365.0,11.759
365.5,11.759
366.0,11.762
366.5,11.76
367.0,11.758
367.5,11.162
368.0,11.176
368.5,11.176
369.0,11.176
369.5,11.758
370.0,11.758
370.5,11.758
371.0,11.159
371.5,11.759
372.0,11.759
372.5,11.176
373.0,11.162
373.5,11.758
374.0,11.759
374.5,11.759
375.0,11.759
375.5,11.756
376.0,11.758
376.5,11.757
377.0,11.176
377.5,11.759
378.0,11.162
378.5,11.16
379.0,11.754
379.5,11.758
380.0,11.155
380.5,11.756
381.0,11.759
381.5,11.759
382.0,11.157
382.5,11.759
383.0,11.759
383.5,11.156
384.0,11.759
384.5,11.159
385.0,11.156
385.5,11.157
386.0,11.157
386.5,11.157
387.0,11.756
387.5,11.155
388.0,11.155
388.5,11.155
389.0,11.152
389.5,11.154
390.0,11.756
390.5,11.754
391.0,11.157
391.5,11.156
392.0,11.759
392.5,11.155
393.0,11.759
393.5,11.754
394.0,11.754
394.5,11.157
395.0,11.758
395.5,11.756
396.0,11.155
396.5,11.155
397.0,11.155
397.5,11.753
398.0,11.754
398.5,11.155
399.0,11.753
399.5,11.153
400.0,11.155
400.5,11.754
401.0,11.753
401.5,11.153
402.0,11.749
402.5,11.75
403.0,11.155
403.5,11.175
404.0,11.75
404.5,11.75
405.0,11.152
405.5,11.749
406.0,11.153
406.5,11.15
407.0,11.152
407.5,11.752
408.0,11.153
408.5,11.175
409.0,11.749
409.5,11.749
410.0,11.748
410.5,11.152
411.0,11.152
411.5,11.749
412.0,11.75
412.5,11.153
413.0,11.175
413.5,11.754
414.0,11.75
414.5,11.749
415.0,11.175
415.5,11.748
416.0,11.75
416.5,11.115
417.0,11.75
417.5,11.75
418.0,11.748
418.5,11.749
419.0,11.115
419.5,11.175
420.0,11.75
420.5,11.15
421.0,11.4485
421.5,11.747
422.0,11.749
422.5,11.175
423.0,11.747
423.5,11.748
424.0,11.748
424.5,11.745999999999999
425.0,11.744
425.5,11.115
426.0,11.749
426.5,11.748
427.0,11.746
427.5,11.746
428.0,11.749
428.5,11.747
429.0,11.75
429.5,11.746
430.0,11.748
430.5,11.744
431.0,11.153
431.5,11.749
432.0,11.748
432.5,11.749
433.0,11.748
433.5,11.747
434.0,11.15
434.5,11.748
435.0,11.748
435.5,11.747
436.0,11.197
436.5,11.748
437.0,11.745
437.5,11.746
438.0,11.748
438.5,11.747
439.0,11.748
439.5,11.746
440.0,11.748
440.5,11.748
441.0,11.747
441.5,11.748
442.0,11.745
442.5,11.749
443.0,11.7455
443.5,11.742
444.0,11.745
444.5,11.749
445.0,11.748
445.5,11.746
446.0,11.748
446.5,11.747499999999999
447.0,11.747
447.5,11.745
448.0,11.747
448.5,11.744
449.0,11.748
449.5,11.746
450.0,11.746
450.5,11.745
451.0,11.747
451.5,11.746
452.0,11.748
452.5,11.747
453.0,11.746
453.5,11.746
454.0,11.746
454.5,11.746
455.0,11.744
455.5,11.145
456.0,11.745
456.5,11.745
457.0,11.745
457.5,11.745
458.0,11.745
458.5,11.745
459.0,11.744
459.5,11.747
460.0,11.746
460.5,11.743
461.0,11.743
461.5,11.746
462.0,11.744
462.5,11.745
463.0,11.746
463.5,11.748
464.0,11.744
464.5,11.744
465.0,11.744
465.5,11.743
466.0,11.744
466.5,11.746
467.0,11.746
467.5,11.744
468.0,11.745
468.5,11.744
469.0,11.743
469.5,11.742
470.0,11.745
470.5,11.743
471.0,11.744
471.5,11.745
472.0,11.745
472.5,11.743
473.0,11.743
473.5,11.744
474.0,11.744
474.5,11.744
475.0,11.748
475.5,11.744
476.0,11.744
476.5,11.744
477.0,11.742
477.5,11.744
478.0,11.745999999999999
478.5,11.748
479.0,11.742
479.5,11.749
480.0,11.743
480.5,11.7455
481.0,11.748
481.5,11.743
482.0,11.744
482.5,11.744
483.0,11.744
483.5,11.742
484.0,11.743
484.5,11.744
485.0,11.743
485.5,11.742
486.0,11.743
486.5,11.742
487.0,11.742
487.5,11.742
488.0,11.74
488.5,11.741
489.0,11.742
489.5,11.743
490.0,11.742
490.5,11.744
491.0,11.742
491.5,11.74
492.0,11.7415
492.5,11.743
493.0,11.174
493.5,11.743
494.0,11.74
494.5,11.742
495.0,11.744
495.5,11.174
496.0,11.743
496.5,11.743
497.0,11.743
497.5,11.139
498.0,11.743
498.5,11.742
499.0,11.743
499.5,11.74
500.0,11.742
500.5,11.738
501.0,11.739
501.5,11.739
502.0,11.4565
502.5,11.174
503.0,11.363333333333333
503.5,11.552666666666667
504.0,11.742
504.5,11.74
505.0,11.7415
505.5,11.743
506.0,11.743
506.5,11.743
507.0,11.742666666666667
507.5,11.742333333333335
508.0,11.742
508.5,11.744
509.0,11.74
509.5,11.7415
510.0,11.743
510.5,11.241
511.0,10.739
511.5,11.74
512.0,11.74
512.5,11.74
513.0,11.742
513.5,11.742
514.0,11.742
514.5,11.743
515.0,11.742
515.5,11.7405
516.0,11.739
516.5,11.139
517.0,11.739
517.5,11.139
518.0,11.442
518.5,11.745
519.0,10.9405
519.5,10.136
520.0,11.738
520.5,11.138
521.0,11.737
521.5,11.137
522.0,11.137
522.5,11.738
523.0,11.137
523.5,11.136
524.0,11.737
524.5,11.74
525.0,11.137
525.5,11.136
526.0,11.136
526.5,11.737
527.0,11.136
527.5,11.139
528.0,11.738
528.5,11.136
529.0,11.139
529.5,11.138
530.0,11.735
530.5,10.736
531.0,11.133
531.5,11.136
532.0,11.134
532.5,11.133
533.0,11.135
533.5,11.137
534.0,11.738
534.5,11.133
535.0,11.134
535.5,11.135
536.0,11.136
536.5,11.135
537.0,11.736
537.5,11.135
538.0,11.135
538.5,11.738
539.0,11.133
539.5,11.137
540.0,11.137
540.5,11.135
541.0,11.133
541.5,11.734
542.0,11.138
542.5,11.136
543.0,11.136
543.5,11.134
544.0,11.736
544.5,11.735
545.0,11.134
545.5,11.136
546.0,11.138
546.5,11.135
547.0,11.137
547.5,11.136
548.0,11.134
548.5,11.139
549.0,11.134
549.5,11.134
550.0,11.137
550.5,11.136
551.0,11.737
551.5,11.735
552.0,11.738
552.5,11.136
553.0,10.136
553.5,11.734
554.0,11.732
554.5,11.135
555.0,11.734
555.5,11.135
556.0,11.135
556.5,11.132
557.0,11.135
557.5,11.136
558.0,11.134
558.5,11.133
559.0,11.132
559.5,11.134
560.0,11.735
560.5,11.137
561.0,11.132
561.5,11.136
562.0,11.135
562.5,11.133
563.0,11.134
563.5,11.133
564.0,11.734
564.5,11.134
565.0,11.132
565.5,11.734
566.0,11.733
566.5,11.733
567.0,11.133
567.5,11.13
568.0,11.133
568.5,11.734
569.0,11.134
569.5,11.134
570.0,11.132
570.5,11.134
571.0,11.132
571.5,11.135
572.0,11.4345
572.5,11.734
573.0,11.134
573.5,11.735
574.0,11.732
574.5,11.136
575.0,11.134
575.5,11.133
576.0,11.131499999999999
576.5,11.13
577.0,11.132
577.5,11.113
578.0,11.735
578.5,11.132
579.0,11.113
579.5,11.132
580.0,11.133
580.5,11.173
581.0,11.135
581.5,11.134
582.0,11.135
582.5,11.734
583.0,11.133
583.5,11.133
584.0,11.133
584.5,11.735
585.0,11.733
585.5,11.133
586.0,11.133
586.5,11.734
587.0,11.734
587.5,11.133
588.0,11.734
588.5,11.734
589.0,11.132
589.5,11.132
590.0,11.134
590.5,11.732
591.0,11.134
591.5,10.734
592.0,11.233
592.5,11.732
593.0,11.736
593.5,11.137
594.0,11.1355
594.5,11.134
595.0,11.133
595.5,11.133
596.0,10.133
596.5,11.133
597.0,11.129
597.5,11.132
598.0,11.132
598.5,11.13
599.0,11.129
599.5,11.732
600.0,11.113
600.5,11.4235
601.0,11.734
601.5,10.733
602.0,11.129
602.5,11.129
603.0,11.133
603.5,11.132
604.0,11.132
604.5,11.132
605.0,11.133
605.5,11.113
606.0,11.133
606.5,11.129
607.0,11.732
607.5,11.128
608.0,11.728
608.5,11.13
609.0,11.73
609.5,11.73
610.0,11.13
610.5,11.129
611.0,11.129
611.5,11.128
612.0,11.732
612.5,11.129
613.0,11.127
613.5,11.173
614.0,11.128
614.5,11.127
615.0,11.129
615.5,11.129
616.0,11.4295
616.5,11.73
617.0,11.128
617.5,11.729
618.0,11.726
618.5,11.127
619.0,11.121
619.5,11.123000000000001
620.0,11.125
620.5,11.127
621.0,11.728
621.5,11.125
622.0,11.728
622.5,11.127
623.0,11.728
623.5,11.126
624.0,11.124
624.5,11.125
625.0,11.726
625.5,11.125
626.0,11.126
626.5,11.726
627.0,11.125
627.5,11.125
628.0,11.121
628.5,11.124
629.0,11.128
629.5,11.122
630.0,11.125
630.5,11.124
631.0,11.123
631.5,11.126
632.0,11.126
632.5,11.124
633.0,11.125
633.5,11.125
634.0,11.724
634.5,11.122
635.0,11.123
635.5,11.122
636.0,11.125
636.5,11.121
637.0,11.121
637.5,11.12
638.0,11.72
638.5,11.124
639.0,11.123
639.5,11.1235
640.0,11.124
640.5,11.127
641.0,11.121
641.5,11.123
642.0,11.123
642.5,11.1235
643.0,11.124
643.5,11.112
644.0,11.123
644.5,11.4215
645.0,11.72
645.5,11.422
646.0,11.124
646.5,11.122
647.0,11.122
647.5,11.117
648.0,11.112
648.5,11.122
649.0,11.716
649.5,11.121
650.0,11.121500000000001
650.5,11.122
651.0,11.12
651.5,11.719
652.0,11.112
652.5,11.4155
653.0,11.719
653.5,11.112
654.0,11.124
654.5,11.123333333333333
655.0,11.122666666666667
655.5,11.122
656.0,11.122
656.5,11.122
657.0,11.12
657.5,11.12
658.0,11.319333333333333
658.5,11.518666666666666
659.0,11.718
659.5,11.415
660.0,11.112
660.5,11.719
661.0,11.112
661.5,11.179555555555556
662.0,11.247111111111112
662.5,11.314666666666668
663.0,11.382222222222223
663.5,11.449777777777777
664.0,11.517333333333333
664.5,11.584888888888889
665.0,11.652444444444445
665.5,11.72
666.0,11.719666666666667
666.5,11.719333333333333
667.0,11.719
667.5,11.4205
668.0,11.122
668.5,11.27125
669.0,11.4205
669.5,11.569749999999999
670.0,11.719
670.5,11.5695
671.0,11.42
671.5,11.2705
672.0,11.121
672.5,11.1165
673.0,11.112
673.5,11.414
674.0,11.716
674.5,11.716
675.0,11.716
675.5,11.716
676.0,11.716
676.5,11.716
677.0,11.414
677.5,11.112
678.0,11.413499999999999
678.5,11.715
679.0,11.71525
679.5,11.715499999999999
680.0,11.71575
680.5,11.716
681.0,11.716
681.5,11.716
682.0,11.715
682.5,11.715499999999999
683.0,11.716
683.5,11.716
684.0,11.716
684.5,11.715
685.0,11.716
685.5,11.716
686.0,11.715
686.5,11.715499999999999
687.0,11.716
687.5,11.716
688.0,11.716
688.5,11.716
689.0,11.716
689.5,11.716
690.0,11.716
690.5,11.715
691.0,11.715
691.5,11.715499999999999
692.0,11.716
692.5,11.715
693.0,11.715499999999999
693.5,11.716
694.0,11.716
694.5,11.716
695.0,11.716
695.5,11.716
696.0,11.716
696.5,11.716
697.0,11.716
697.5,11.715666666666666
698.0,11.715333333333334
698.5,11.715
699.0,11.715
699.5,11.715
700.0,11.715
700.5,11.715
701.0,11.715
701.5,11.715
702.0,11.715
702.5,11.715
703.0,11.715
703.5,11.715
704.0,11.715
704.5,11.715
705.0,11.715
705.5,11.715
706.0,11.715
706.5,11.715
707.0,11.715
707.5,11.715
708.0,11.714
708.5,11.713
709.0,11.712
709.5,11.711
710.0,11.709999999999999
710.5,11.709
711.0,11.7102
711.5,11.7114
712.0,11.7126
712.5,11.713799999999999
713.0,11.715
713.5,11.7144
714.0,11.713799999999999
714.5,11.7132
715.0,11.7126
715.5,11.712
716.0,11.7114
716.5,11.710799999999999
717.0,11.7102
717.5,11.7096
718.0,11.709
718.5,11.509
719.0,11.309
719.5,11.109
720.0,11.408999999999999
720.5,11.709
721.0,11.709
721.5,11.709
722.0,11.709
722.5,11.709
723.0,11.709
723.5,11.709
724.0,11.709
724.5,11.709
725.0,11.709
725.5,11.707
726.0,11.705
726.5,11.7055
727.0,11.706
727.5,11.7075
728.0,11.709
728.5,11.708
729.0,11.706999999999999
729.5,11.706
730.0,11.105
730.5,11.705
731.0,11.7055
731.5,11.706
732.0,11.705
732.5,11.105
733.0,11.707
733.5,11.506333333333334
734.0,11.305666666666667
734.5,11.105
735.0,11.105
735.5,11.105
736.0,11.255500000000001
736.5,11.406
737.0,11.5565
737.5,11.707
738.0,11.705
738.5,11.105
739.0,11.706
739.5,11.706
740.0,11.706
740.5,11.104
741.0,11.704
741.5,11.405000000000001
742.0,11.106
742.5,11.4055
743.0,11.705
743.5,11.505
744.0,11.305
744.5,11.105
745.0,11.107
745.5,11.105
746.0,11.104
746.5,11.103
747.0,11.104
747.5,11.105
748.0,11.102
748.5,11.106
749.0,11.103
749.5,11.1
750.0,11.103
750.5,11.106
751.0,11.105
751.5,11.104
752.0,11.103
752.5,11.401499999999999
753.0,11.7
753.5,11.401499999999999
754.0,11.103
754.5,11.702
755.0,11.102
755.5,11.102666666666666
756.0,11.103333333333333
756.5,11.104
757.0,11.104
757.5,11.102
758.0,11.302666666666667
758.5,11.503333333333334
759.0,11.704
759.5,11.102
760.0,11.302333333333333
760.5,11.502666666666666
761.0,11.703
761.5,11.402999999999999
762.0,11.103
762.5,11.698
763.0,11.699
763.5,11.698
764.0,11.698
764.5,11.699
765.0,11.698
765.5,11.699
766.0,11.699
766.5,11.698
767.0,11.698
767.5,11.698
768.0,11.699
768.5,11.500333333333334
769.0,11.301666666666666
769.5,11.103
770.0,11.699
770.5,11.696
771.0,11.696
771.5,11.699
772.0,11.699
772.5,11.697
773.0,11.699
773.5,11.7
774.0,11.701
774.5,11.702
775.0,11.7005
775.5,11.699
776.0,11.699
776.5,11.697
777.0,11.697
777.5,11.698
778.0,11.699
778.5,11.697
779.0,11.6965
779.5,11.696
780.0,11.697
780.5,11.694
781.0,11.697
781.5,11.697
782.0,11.697
782.5,11.698
783.0,11.697
783.5,11.699
784.0,11.698
784.5,11.695
785.0,11.696
785.5,11.696
786.0,11.696
786.5,11.696
787.0,11.696
787.5,11.695
788.0,11.698
788.5,11.693
789.0,11.694
789.5,11.696
790.0,11.695
790.5,11.698
791.0,11.697
791.5,11.694
792.0,11.695
792.5,11.695
793.0,11.696
793.5,11.695
794.0,11.695
794.5,11.696
795.0,11.695
795.5,11.696
796.0,11.695
796.5,11.695
797.0,11.694
797.5,11.694
798.0,11.694
798.5,11.696
799.0,11.696
799.5,11.694
800.0,11.694
800.5,11.694
801.0,11.694
801.5,11.695
802.0,11.697
802.5,11.692
803.0,11.695
803.5,11.692
804.0,11.693
804.5,11.69
805.0,11.693
805.5,11.694
806.0,11.692
806.5,11.693
807.0,11.6945
807.5,11.696
808.0,11.169
808.5,11.692
809.0,11.692499999999999
809.5,11.693
810.0,11.169
810.5,11.695
811.0,11.698
811.5,11.693
812.0,11.694
812.5,11.692
813.0,11.694
813.5,11.694
814.0,11.692
814.5,11.692
815.0,11.69
815.5,11.692
816.0,11.169
816.5,11.692
817.0,11.69
817.5,11.692
818.0,11.69
818.5,11.690999999999999
819.0,11.692
819.5,11.687
820.0,11.692
820.5,11.693
821.0,11.692
821.5,11.169
822.0,11.692
822.5,11.693
823.0,11.692
823.5,11.69
824.0,11.686
824.5,11.689499999999999
825.0,11.693
825.5,11.690999999999999
826.0,11.689
826.5,11.69
827.0,11.688
827.5,11.69
828.0,11.69
828.5,11.693
829.0,11.69
829.5,11.692
830.0,11.692
830.5,11.69
831.0,11.690999999999999
831.5,11.692
832.0,11.692
832.5,11.169
833.0,11.69
833.5,11.69
834.0,11.692
834.5,11.169
835.0,11.4295
835.5,11.69
836.0,11.688
836.5,11.689
837.0,11.69
837.5,11.689
838.0,11.689
838.5,11.69
839.0,11.688
839.5,11.687
840.0,11.688
840.5,11.689
841.0,11.688
841.5,11.685
842.0,11.688
842.5,11.689
843.0,11.69
843.5,11.689
844.0,11.689
844.5,11.69
845.0,11.689
845.5,11.169
846.0,11.169
846.5,11.169
847.0,11.169
847.5,11.69
848.0,11.689
848.5,11.681
849.0,11.685
849.5,11.688
850.0,11.69
850.5,11.688
851.0,11.688
851.5,11.685
852.0,11.686
852.5,11.687000000000001
853.0,11.688
853.5,11.688
854.0,11.689
854.5,11.688
855.0,11.69
855.5,11.689
856.0,11.689
856.5,11.689
857.0,11.687
857.5,11.688
858.0,11.684
858.5,11.689
859.0,11.688
859.5,11.687
860.0,11.69
860.5,11.689
861.0,11.681
861.5,11.688
862.0,11.689
862.5,11.688
863.0,11.681
863.5,11.69
864.0,11.687
864.5,11.69
865.0,11.687
865.5,11.685
866.0,11.64
866.5,11.686
867.0,11.685
867.5,11.689
868.0,11.683
868.5,11.686
869.0,11.688
869.5,11.683
870.0,11.686
870.5,11.683
871.0,11.683
871.5,11.686
872.0,11.686
872.5,11.684
873.0,11.685
873.5,11.686
874.0,11.684
874.5,11.648
875.0,11.687
875.5,11.689
876.0,11.688
876.5,11.686
877.0,11.68
877.5,11.681
878.0,11.6845
878.5,11.688
879.0,11.648
879.5,11.688
880.0,11.684
880.5,11.688
881.0,11.688
881.5,11.686
882.0,11.689
882.5,11.686
883.0,11.648
883.5,11.692
884.0,11.69
884.5,11.685
885.0,11.689
885.5,11.686
886.0,11.685
886.5,11.688
887.0,11.688500000000001
887.5,11.689
888.0,11.687
888.5,11.687
889.0,11.69
889.5,11.688
890.0,11.687
890.5,11.688
891.0,11.688
891.5,11.686
892.0,11.687
892.5,11.687
893.0,11.685
893.5,11.688
894.0,11.681
894.5,11.686
895.0,11.689
895.5,11.684
896.0,11.688
896.5,11.685
897.0,11.686
897.5,11.685
898.0,11.686
898.5,11.689
899.0,11.64
899.5,11.686
900.0,11.687
900.5,11.687
901.0,11.687
901.5,11.684
902.0,11.686
902.5,11.683
903.0,11.685
903.5,11.687
904.0,11.685
904.5,11.686
905.0,11.686
905.5,11.646
906.0,11.683
906.5,11.687
907.0,11.684
907.5,11.686
908.0,11.685
908.5,11.684
909.0,11.684
909.5,11.684
910.0,11.684
910.5,11.685
911.0,11.685
911.5,11.685
912.0,11.686
912.5,11.684
913.0,11.685
913.5,11.684
914.0,11.684
914.5,11.685
915.0,11.683
915.5,11.687
916.0,11.688
916.5,11.686
917.0,11.686
917.5,11.685
918.0,11.682
918.5,11.6835
919.0,11.685
919.5,11.686
920.0,11.685
920.5,11.686
921.0,11.683
921.5,11.683
922.0,11.685
922.5,11.682
923.0,11.684
923.5,11.687
924.0,11.685
924.5,11.686
925.0,11.684
925.5,11.683
926.0,11.686
926.5,11.686
927.0,11.683
927.5,11.685
928.0,11.685
928.5,11.683
929.0,11.684
929.5,11.686
930.0,11.684
930.5,11.687
931.0,11.684
931.5,11.685
932.0,11.685
932.5,11.686
933.0,11.685500000000001
933.5,11.685
934.0,11.685
934.5,11.688
935.0,11.686
935.5,11.683
936.0,11.687
936.5,11.687
937.0,11.686
937.5,11.648
938.0,11.683
938.5,11.687
939.0,11.685
939.5,11.683
940.0,11.684
940.5,11.685
941.0,11.684
941.5,11.689
942.0,11.684
942.5,11.686
943.0,11.685
943.5,11.686
944.0,11.686
944.5,11.686
945.0,11.685
945.5,11.646
946.0,11.684
946.5,11.681
947.0,11.687
947.5,11.689
948.0,11.686
948.5,11.685
949.0,11.683
949.5,11.684
950.0,11.685
950.5,11.686
951.0,11.684000000000001
951.5,11.682
952.0,11.686
952.5,11.686
953.0,11.685
953.5,11.685
954.0,11.685
954.5,11.686
955.0,11.688
955.5,11.686
956.0,11.686
956.5,11.685
957.0,11.686
957.5,11.687
958.0,11.684
958.5,11.685
959.0,11.685
959.5,11.685
960.0,11.686
960.5,11.684
961.0,11.685
961.5,11.684
962.0,11.687
962.5,11.685
963.0,11.685
963.5,11.686
964.0,11.688
964.5,11.686
965.0,11.689
965.5,11.646
966.0,11.686
966.5,11.686
967.0,11.685
967.5,11.685
968.0,11.686
968.5,11.685
969.0,11.686
969.5,11.686
970.0,11.685
970.5,11.687
971.0,11.685
971.5,11.686
972.0,11.685
972.5,11.686
973.0,11.683
973.5,11.685
974.0,11.684
974.5,11.684
975.0,11.684
975.5,11.684
976.0,11.686
976.5,11.686
977.0,11.684
977.5,11.684
978.0,11.683
978.5,11.686
979.0,11.684
979.5,11.684
980.0,11.682
980.5,11.684
981.0,11.684
981.5,11.684
982.0,11.682
982.5,11.682
983.0,11.683
983.5,11.686
984.0,11.684
984.5,11.685
985.0,11.683
985.5,11.687
986.0,11.683
986.5,11.683
987.0,11.684
987.5,11.685
988.0,11.685500000000001
988.5,11.686
989.0,11.682
989.5,11.683
990.0,11.683
990.5,11.683
991.0,11.684
991.5,11.682
992.0,11.684
992.5,11.684
993.0,11.684
993.5,11.684
994.0,11.684
994.5,11.682
995.0,11.683
995.5,11.685
996.0,11.686
996.5,11.682
997.0,11.684
997.5,11.683
998.0,11.683
998.5,11.685
999.0,11.682
999.5,11.682
1000.0,11.683
1000.5,11.683
1001.0,11.684
1001.5,11.684
1002.0,11.683
1002.5,11.684
1003.0,11.684
1003.5,11.683
1004.0,11.683
1004.5,11.682
1005.0,11.682
1005.5,11.687
1006.0,11.689
1006.5,11.683
1007.0,11.682
1007.5,11.683
1008.0,11.682
1008.5,11.685
1009.0,11.682
1009.5,11.682
1010.0,11.168
1010.5,11.4265
1011.0,11.685
1011.5,11.682
1012.0,11.682
1012.5,11.681000000000001
1013.0,11.68
1013.5,11.618
1014.0,11.683
1014.5,11.619
1015.0,11.684
1015.5,11.68
1016.0,11.681000000000001
1016.5,11.682
1017.0,11.679
1017.5,11.683
1018.0,11.68
1018.5,11.619
1019.0,11.64
1019.5,11.661
1020.0,11.682
1020.5,11.425
1021.0,11.168
1021.5,11.682
1022.0,11.619
1022.5,11.650500000000001
1023.0,11.682
1023.5,11.682
1024.0,11.682
1024.5,11.619
1025.0,11.6295
1025.5,11.64
1026.0,11.618
1026.5,11.6495
1027.0,11.681
1027.5,11.619
1028.0,11.619
1028.5,11.64
1029.0,11.661
1029.5,11.682
1030.0,11.616
1030.5,11.68
1031.0,11.619
1031.5,11.618
1032.0,11.619
1032.5,11.68
1033.0,11.618
1033.5,11.68
1034.0,11.68
1034.5,11.679
1035.0,11.617
1035.5,11.168
1036.0,11.619
1036.5,11.618
1037.0,11.619
1037.5,11.679
1038.0,11.648
1038.5,11.617
1039.0,11.679
1039.5,11.619
1040.0,11.617
1040.5,11.68
1041.0,11.619
1041.5,11.618
1042.0,11.616
1042.5,11.619
1043.0,11.677
1043.5,11.68
1044.0,11.616
1044.5,11.616
1045.0,11.616
1045.5,11.617
1046.0,11.615
1046.5,11.618
1047.0,11.618
1047.5,11.619
1048.0,11.616
1048.5,11.618
1049.0,11.617
1049.5,11.617
1050.0,11.68
1050.5,11.616
1051.0,11.618
1051.5,11.615
1052.0,11.616
1052.5,11.615
1053.0,11.617
1053.5,11.674
1054.0,11.674
1054.5,11.677
1055.0,11.677
1055.5,11.616
1056.0,11.618
1056.5,11.615
1057.0,11.677
1057.5,11.675
1058.0,11.616
1058.5,11.616
1059.0,11.674
1059.5,11.616
1060.0,11.616
1060.5,11.616
1061.0,11.613
1061.5,11.677
1062.0,11.677
1062.5,11.616
1063.0,11.674
1063.5,11.619
1064.0,11.615
1064.5,11.613
1065.0,11.615
1065.5,11.615
1066.0,11.613
1066.5,11.674
1067.0,11.674
1067.5,11.674
1068.0,11.674
1068.5,11.674
1069.0,11.613
1069.5,11.674
1070.0,11.613
1070.5,11.614
1071.0,11.613
1071.5,11.674
1072.0,11.674
1072.5,11.612
1073.0,11.615
1073.5,11.612
1074.0,11.613
1074.5,11.615
1075.0,11.612
1075.5,11.613
1076.0,11.674
1076.5,11.613
1077.0,11.612
1077.5,11.674
1078.0,11.612
1078.5,11.613
1079.0,11.613
1079.5,11.616
1080.0,11.613
1080.5,11.161
1081.0,11.674
1081.5,11.612
1082.0,11.612
1082.5,11.613
1083.0,11.615
1083.5,11.61
1084.0,11.460333333333333
1084.5,11.310666666666666
1085.0,11.161
1085.5,11.613
1086.0,11.61
1086.5,11.674
1087.0,11.613
1087.5,11.674
1088.0,11.612
1088.5,11.674
1089.0,11.612
1089.5,11.612
1090.0,11.668
1090.5,11.666
1091.0,11.668
1091.5,11.669
1092.0,11.666
1092.5,11.668
1093.0,11.665
1093.5,11.64
1094.0,11.61
1094.5,11.666
1095.0,11.6675
1095.5,11.669
1096.0,11.666
1096.5,11.667
1097.0,11.61
1097.5,11.61
1098.0,11.611
1098.5,11.612
1099.0,11.61
1099.5,11.161
1100.0,11.668
1100.5,11.666
1101.0,11.669
1101.5,11.666
1102.0,11.668
1102.5,11.61
1103.0,11.668
1103.5,11.668
1104.0,11.667
1104.5,11.61
1105.0,11.669
1105.5,11.664
1106.0,11.666
1106.5,11.665
1107.0,11.666
1107.5,11.665
1108.0,11.667
1108.5,11.665
1109.0,11.666
1109.5,11.666
1110.0,11.665
1110.5,11.666
1111.0,11.663
1111.5,11.664
1112.0,11.665
1112.5,11.665
1113.0,11.666
1113.5,11.665
1114.0,11.665
1114.5,11.666
1115.0,11.668
1115.5,11.666
1116.0,11.665
1116.5,11.664
1117.0,11.665
1117.5,11.665
1118.0,11.665
1118.5,11.664
1119.0,11.664
1119.5,11.666
1120.0,11.664
1120.5,11.666
1121.0,11.664
1121.5,11.665
1122.0,11.663
1122.5,11.663
1123.0,11.664
1123.5,11.665
1124.0,11.665
1124.5,11.665
1125.0,11.662
1125.5,11.663
1126.0,11.664
1126.5,11.665
1127.0,11.6645
1127.5,11.664
1128.0,11.664
1128.5,11.663
1129.0,11.662
1129.5,11.665
1130.0,11.663
1130.5,11.663
1131.0,11.663
1131.5,11.664
1132.0,11.664
1132.5,11.664
1133.0,11.664
1133.5,11.663
1134.0,11.662
1134.5,11.663
1135.0,11.665
1135.5,11.664
1136.0,11.663
1136.5,11.663
1137.0,11.663
1137.5,11.664
1138.0,11.664
1138.5,11.662
1139.0,11.666
1139.5,11.664
1140.0,11.663
1140.5,11.663499999999999
1141.0,11.664
1141.5,11.662
1142.0,11.662
1142.5,11.662500000000001
1143.0,11.663
1143.5,11.663
1144.0,11.663
1144.5,11.663
1145.0,11.663
1145.5,11.662
1146.0,11.662
1146.5,11.662
1147.0,11.662
1147.5,11.663
1148.0,11.663
1148.5,11.663
1149.0,11.662
1149.5,11.662
1150.0,11.662
1150.5,11.662
1151.0,11.662
1151.5,11.662500000000001
1152.0,11.663
1152.5,11.663
1153.0,11.662
1153.5,11.166
1154.0,11.166
1154.5,11.66
1155.0,11.664
1155.5,11.662
1156.0,11.663
1156.5,11.662
1157.0,11.66
1157.5,11.66
1158.0,11.66
1158.5,11.66
1159.0,11.659
1159.5,11.664
1160.0,11.663
1160.5,11.66
1161.0,11.661000000000001
1161.5,11.662
1162.0,11.66
1162.5,11.658
1163.0,11.66
1163.5,11.661000000000001
1164.0,11.662
1164.5,11.659
1165.0,11.659
1165.5,11.66
1166.0,11.659500000000001
1166.5,11.659
1167.0,11.658
1167.5,11.656
1168.0,11.658
1168.5,11.659
1169.0,11.658
1169.5,11.66
1170.0,11.658
1170.5,11.659
1171.0,11.658
1171.5,11.659
1172.0,11.659
1172.5,11.659
1173.0,11.658
1173.5,11.657
1174.0,11.657499999999999
1174.5,11.658
1175.0,11.656
1175.5,11.659
1176.0,11.659
1176.5,11.659
1177.0,11.657
1177.5,11.659
1178.0,11.656
1178.5,11.657
1179.0,11.656
1179.5,11.658
1180.0,11.658
1180.5,11.658999999999999
1181.0,11.66
1181.5,11.656
1182.0,11.658
1182.5,11.656
1183.0,11.659
1183.5,11.165
1184.0,11.657
1184.5,11.659
1185.0,11.659
1185.5,11.656
1186.0,11.656
1186.5,11.655
1187.0,11.657
1187.5,11.659
1188.0,11.657
1188.5,11.655
1189.0,11.655
1189.5,11.653
1190.0,11.654
1190.5,11.658
1191.0,11.653
1191.5,11.656
1192.0,11.657
1192.5,11.657
1193.0,11.658
1193.5,11.655
1194.0,11.655
1194.5,11.654
1195.0,11.655
1195.5,11.654
1196.0,11.656
1196.5,11.165
1197.0,11.656
1197.5,11.658
1198.0,11.655
1198.5,11.656
1199.0,11.654
1199.5,11.654
1200.0,11.656
1200.5,11.656
1201.0,11.655
1201.5,11.656
1202.0,11.655
1202.5,11.654
1203.0,11.657
1203.5,11.658
1204.0,11.654
1204.5,11.655000000000001
1205.0,11.656
1205.5,11.654
1206.0,11.656
1206.5,11.656
1207.0,11.654
1207.5,11.654
1208.0,11.655
1208.5,11.653
1209.0,11.655
1209.5,11.654
1210.0,11.656
1210.5,11.654
1211.0,11.655
1211.5,11.654
1212.0,11.654
1212.5,11.655
1213.0,11.655
1213.5,11.654
1214.0,11.653
1214.5,11.652
1215.0,11.652
1215.5,11.653
1216.0,11.653
1216.5,11.652
1217.0,11.654
1217.5,11.653
1218.0,11.652
1218.5,11.653
1219.0,11.654
1219.5,11.653
1220.0,11.653
1220.5,11.653500000000001
1221.0,11.654
1221.5,11.654
1222.0,11.65
1222.5,11.652
1223.0,11.653
1223.5,11.652
1224.0,11.653
1224.5,11.654
1225.0,11.653
1225.5,11.654
1226.0,11.652
1226.5,11.653
1227.0,11.654
1227.5,11.652
1228.0,11.653
1228.5,11.654
1229.0,11.654
1229.5,11.654
1230.0,11.652
1230.5,11.654
1231.0,11.654
1231.5,11.652
1232.0,11.165
1232.5,11.653
1233.0,11.65
1233.5,11.653
1234.0,11.653
1234.5,11.654
1235.0,11.654
1235.5,11.652
1236.0,11.652
1236.5,11.654
1237.0,11.652
1237.5,11.652
1238.0,11.652
1238.5,11.65
1239.0,11.65
1239.5,11.165
1240.0,11.654
1240.5,11.652
1241.0,11.652
1241.5,11.649
1242.0,11.649
1242.5,11.65
1243.0,11.653
1243.5,11.650500000000001
1244.0,11.648
1244.5,11.653
1245.0,11.653
1245.5,11.653
1246.0,11.653
1246.5,11.6525
1247.0,11.652
1247.5,11.649
1248.0,11.652
1248.5,11.652
1249.0,11.652
1249.5,11.65
1250.0,11.652
1250.5,11.65
1251.0,11.652
1251.5,11.65
1252.0,11.649
1252.5,11.649
1253.0,11.649
1253.5,11.658
1254.0,11.649
1254.5,11.648
1255.0,11.649
1255.5,11.165
1256.0,11.65
1256.5,11.648
1257.0,11.648
1257.5,11.649000000000001
1258.0,11.65
1258.5,11.649
1259.0,11.649
1259.5,11.647
1260.0,11.647
1260.5,11.165
1261.0,11.649
1261.5,11.652
1262.0,11.649
1262.5,11.65
1263.0,11.65
1263.5,11.649
1264.0,11.65
1264.5,11.649
1265.0,11.647
1265.5,11.6485
1266.0,11.65
1266.5,11.648
1267.0,11.648
1267.5,11.649
1268.0,11.648
1268.5,11.649
1269.0,11.646
1269.5,11.648
1270.0,11.648
1270.5,11.646
1271.0,11.648
1271.5,11.647
1272.0,11.649
1272.5,11.648
1273.0,11.648
1273.5,11.647
1274.0,11.6475
1274.5,11.648
1275.0,11.648
1275.5,11.649
1276.0,11.649
1276.5,11.649
1277.0,11.649
1277.5,11.646
1278.0,11.647
1278.5,11.649
1279.0,11.648
1279.5,11.648
1280.0,11.647
1280.5,11.649
1281.0,11.648
1281.5,11.646
1282.0,11.65
1282.5,11.647
1283.0,11.648
1283.5,11.647
1284.0,11.648
1284.5,11.649
1285.0,11.648
1285.5,11.647333333333334
1286.0,11.646666666666667
1286.5,11.646
1287.0,11.647
1287.5,11.65
1288.0,11.648
1288.5,11.647
1289.0,11.648
1289.5,11.647
1290.0,11.649
1290.5,11.647
1291.0,11.648
1291.5,11.646
1292.0,11.648
1292.5,11.645
1293.0,11.646
1293.5,11.646
1294.0,11.648
1294.5,11.645
1295.0,11.645
1295.5,11.648
1296.0,11.647
1296.5,11.647
1297.0,11.648
1297.5,11.647
1298.0,11.648
1298.5,11.646
1299.0,11.646
1299.5,11.646
1300.0,11.6475
1300.5,11.649
1301.0,11.649
1301.5,11.649
1302.0,11.647
1302.5,11.648
1303.0,11.647
1303.5,11.648
1304.0,11.646
1304.5,11.648
1305.0,11.646
1305.5,11.646
1306.0,11.648
1306.5,11.649
1307.0,11.646
1307.5,11.649
1308.0,11.648
1308.5,11.646
1309.0,11.647
1309.5,11.648
1310.0,11.65
1310.5,11.645
1311.0,11.645
1311.5,11.65
1312.0,11.648
1312.5,11.647
1313.0,11.648
1313.5,11.649
1314.0,11.647
1314.5,11.648
1315.0,11.647
1315.5,11.649
1316.0,11.644
1316.5,11.647
1317.0,11.648
1317.5,11.646
1318.0,11.646
1318.5,11.646
1319.0,11.645
1319.5,11.647
1320.0,11.645
1320.5,11.648
1321.0,11.646
1321.5,11.647
1322.0,11.644
1322.5,11.647
1323.0,11.648
1323.5,11.645
1324.0,11.647
1324.5,11.6485
1325.0,11.65
1325.5,11.646
1326.0,11.649
1326.5,11.646
1327.0,11.646
1327.5,11.645
1328.0,11.646
1328.5,11.645
1329.0,11.646
1329.5,11.645
1330.0,11.648
1330.5,11.648
1331.0,11.646
1331.5,11.647
1332.0,11.646
1332.5,11.644
1333.0,11.647
1333.5,11.648
1334.0,11.645
1334.5,11.648
1335.0,11.647
1335.5,11.646
1336.0,11.645
1336.5,11.646
1337.0,11.646
1337.5,11.644
1338.0,11.643
1338.5,11.646
1339.0,11.648
1339.5,11.644
1340.0,11.645
1340.5,11.647
1341.0,11.646
1341.5,11.645
1342.0,11.646
1342.5,11.645
1343.0,11.646
1343.5,11.644
1344.0,11.647
1344.5,11.646
1345.0,11.645
1345.5,11.644
1346.0,11.648
1346.5,11.647
1347.0,11.646
1347.5,11.646
1348.0,11.647
1348.5,11.648
1349.0,11.645
1349.5,11.647
1350.0,11.647
1350.5,11.645
1351.0,11.648
1351.5,11.647
1352.0,11.645
1352.5,11.645
1353.0,11.644
1353.5,11.647
1354.0,11.645
1354.5,11.646
1355.0,11.645
1355.5,11.645
1356.0,11.644
1356.5,11.644
1357.0,11.649
1357.5,11.646
1358.0,11.647
1358.5,11.646
1359.0,11.648
1359.5,11.645
1360.0,11.646
1360.5,11.645
1361.0,11.645
1361.5,11.645
1362.0,11.646
1362.5,11.645
1363.0,11.643
1363.5,11.645
1364.0,11.646
1364.5,11.644
1365.0,11.643
1365.5,11.645
1366.0,11.646
1366.5,11.643
1367.0,11.646
1367.5,11.645
1368.0,11.645
1368.5,11.645
1369.0,11.646
1369.5,11.645
1370.0,11.644
1370.5,11.646
1371.0,11.645
1371.5,11.646
1372.0,11.646
1372.5,11.645
1373.0,11.648
1373.5,11.646
1374.0,11.644
1374.5,11.644
1375.0,11.645
1375.5,11.644
1376.0,11.644
1376.5,11.643
1377.0,11.644
1377.5,11.643
1378.0,11.643
1378.5,11.645
1379.0,11.643
1379.5,11.643
1380.0,11.642
1380.5,11.643
1381.0,11.642
1381.5,11.643
1382.0,11.64
1382.5,11.644
1383.0,11.643
1383.5,11.644
1384.0,11.644
1384.5,11.643
1385.0,11.643
1385.5,11.645
1386.0,11.642
1386.5,11.642
1387.0,11.164
1387.5,11.646
1388.0,11.643
1388.5,11.643
1389.0,11.644
1389.5,11.642
1390.0,11.644
1390.5,11.643
1391.0,11.643
1391.5,11.643
1392.0,11.646
1392.5,11.644
1393.0,11.643
1393.5,11.647
1394.0,11.645
1394.5,11.643
1395.0,11.644
1395.5,11.644
1396.0,11.644
1396.5,11.643
1397.0,11.644
1397.5,11.644
1398.0,11.645
1398.5,11.642
1399.0,11.643
1399.5,11.645
1400.0,11.643
1400.5,11.646
1401.0,11.642
1401.5,11.643
1402.0,11.644
1402.5,11.643
1403.0,11.642
1403.5,11.646
1404.0,11.643
1404.5,11.642
1405.0,11.643
1405.5,11.164
1406.0,11.164
1406.5,11.645
1407.0,11.643
1407.5,11.164
1408.0,11.645
1408.5,11.644
1409.0,11.643
1409.5,11.642
1410.0,11.643
1410.5,11.643
1411.0,11.644
1411.5,11.645
1412.0,11.643
1412.5,11.645
1413.0,11.643
1413.5,11.164
1414.0,11.643
1414.5,11.642
1415.0,11.642
1415.5,11.164
1416.0,11.642
1416.5,11.642
1417.0,11.164
1417.5,11.643
1418.0,11.639
1418.5,11.639
1419.0,11.638
1419.5,11.638
1420.0,11.642
1420.5,11.64
1421.0,11.639
1421.5,11.638
1422.0,11.6405
1422.5,11.643
1423.0,11.64
1423.5,11.639
1424.0,11.639
1424.5,11.64
1425.0,11.64
1425.5,11.639
1426.0,11.638
1426.5,11.638
1427.0,11.639
1427.5,11.639
1428.0,11.639
1428.5,11.642
1429.0,11.64
1429.5,11.639
1430.0,11.636
1430.5,11.639
1431.0,11.638
1431.5,11.638
1432.0,11.637
1432.5,11.638
1433.0,11.637
1433.5,11.637
1434.0,11.638
1434.5,11.639
1435.0,11.638
1435.5,11.636
1436.0,11.636
1436.5,11.637
1437.0,11.638
1437.5,11.634
1438.0,11.634
1438.5,11.635
1439.0,11.636
1439.5,11.635
1440.0,11.636
1440.5,11.638
1441.0,11.636
1441.5,11.637
1442.0,11.636
1442.5,11.638
1443.0,11.637
1443.5,11.638
1444.0,11.633
1444.5,11.638
1445.0,11.637
1445.5,11.637
1446.0,11.636
1446.5,11.637
1447.0,11.637
1447.5,11.638
1448.0,11.638
1448.5,11.636
1449.0,11.636
1449.5,11.634
1450.0,11.636
1450.5,11.635
1451.0,11.636
1451.5,11.638
1452.0,11.633
1452.5,11.634
1453.0,11.635
1453.5,11.633
1454.0,11.634
1454.5,11.637
1455.0,11.637
1455.5,11.632
1456.0,11.633
1456.5,11.634
1457.0,11.634
1457.5,11.635
1458.0,11.635
1458.5,11.634
1459.0,11.635
1459.5,11.633
1460.0,11.634
1460.5,11.634
1461.0,11.634
1461.5,11.633
1462.0,11.634
1462.5,11.633
1463.0,11.632
1463.5,11.632
1464.0,11.632
1464.5,11.634
1465.0,11.634
1465.5,11.632
1466.0,11.634
1466.5,11.634
1467.0,11.634
1467.5,11.633
1468.0,11.634
1468.5,11.629
1469.0,11.632
1469.5,11.635
1470.0,11.632
1470.5,11.632
1471.0,11.628
1471.5,11.163
1472.0,11.634
1472.5,11.632
1473.0,11.632
1473.5,11.633
1474.0,11.633
1474.5,11.631
1475.0,11.632
1475.5,11.631
1476.0,11.63
1476.5,11.163
1477.0,11.634
1477.5,11.634
1478.0,11.632
1478.5,11.6335
1479.0,11.635
1479.5,11.163
1480.0,11.633
1480.5,11.163
1481.0,11.632
1481.5,11.633
1482.0,11.634
1482.5,11.636
1483.0,11.629
1483.5,11.163
1484.0,11.633
1484.5,11.632
1485.0,11.632
1485.5,11.632
1486.0,11.63
1486.5,11.63
1487.0,11.63
1487.5,11.63
1488.0,11.632
1488.5,11.631
1489.0,11.632
1489.5,11.633
1490.0,11.624
1490.5,11.629
1491.0,11.163
1491.5,11.632
1492.0,11.626
1492.5,11.621
1493.0,11.626
1493.5,11.163
1494.0,11.3965
1494.5,11.63
1495.0,11.163
1495.5,11.629
1496.0,11.629
1496.5,11.629
1497.0,11.621
1497.5,11.631
1498.0,11.629
1498.5,11.629
1499.0,11.163
1499.5,11.632
1500.0,11.628
1500.5,11.629
1501.0,11.626
1501.5,11.163
1502.0,11.629
1502.5,11.626
1503.0,11.629
1503.5,11.628
1504.0,11.628
1504.5,11.625
1505.0,11.629
1505.5,11.621
1506.0,11.628
1506.5,11.625
1507.0,11.625
1507.5,11.628
1508.0,11.624
1508.5,11.626
1509.0,11.624
1509.5,11.621
1510.0,11.621
1510.5,11.621
1511.0,11.626
1511.5,11.625
1512.0,11.625
1512.5,11.625
1513.0,11.625
1513.5,11.626
1514.0,11.625
1514.5,11.626
1515.0,11.624
1515.5,11.624
1516.0,11.625
1516.5,11.624
1517.0,11.625
1517.5,11.625
1518.0,11.624
1518.5,11.625
1519.0,11.625
1519.5,11.625
1520.0,11.625
1520.5,11.624
1521.0,11.623
1521.5,11.622
1522.0,11.623
1522.5,11.625
1523.0,11.624
1523.5,11.624
1524.0,11.624
1524.5,11.624
1525.0,11.626
1525.5,11.623
1526.0,11.626
1526.5,11.624
1527.0,11.623
1527.5,11.624
1528.0,11.624
1528.5,11.625
1529.0,11.623999999999999
1529.5,11.623
1530.0,11.622
1530.5,11.623
1531.0,11.626
1531.5,11.625499999999999
1532.0,11.625
1532.5,11.625
1533.0,11.625
1533.5,11.626
1534.0,11.625
1534.5,11.624
1535.0,11.623
1535.5,11.622
1536.0,11.622
1536.5,11.624
1537.0,11.624
1537.5,11.624
1538.0,11.624
1538.5,11.625
1539.0,11.624
1539.5,11.625
1540.0,11.626
1540.5,11.623
1541.0,11.622
1541.5,11.622
1542.0,11.624
1542.5,11.624
1543.0,11.624500000000001
1543.5,11.625
1544.0,11.623
1544.5,11.162
1545.0,11.624
1545.5,11.622
1546.0,11.622
1546.5,11.623
1547.0,11.622
1547.5,11.622
1548.0,11.622
1548.5,11.623000000000001
1549.0,11.624
1549.5,11.622
1550.0,11.162
1550.5,11.162
1551.0,11.623
1551.5,11.62
1552.0,11.622
1552.5,11.619
1553.0,11.619
1553.5,11.622
1554.0,11.622499999999999
1554.5,11.623
1555.0,11.622499999999999
1555.5,11.622
1556.0,11.622
1556.5,11.622
1557.0,11.622
1557.5,11.622
1558.0,11.619
1558.5,11.162
1559.0,11.392
1559.5,11.622
1560.0,11.649
1560.5,11.619
1561.0,11.623
1561.5,11.622
1562.0,11.619
1562.5,11.618
1563.0,11.622
1563.5,11.619
1564.0,11.62
1564.5,11.619
1565.0,11.162
1565.5,11.62
1566.0,11.622
1566.5,11.62
1567.0,11.62
1567.5,11.623
1568.0,11.619
1568.5,11.623
1569.0,11.162
1569.5,11.391
1570.0,11.62
1570.5,11.619
1571.0,11.622
1571.5,11.619
1572.0,11.622
1572.5,11.619
1573.0,11.619499999999999
1573.5,11.62
1574.0,11.618
1574.5,11.619
1575.0,11.619
1575.5,11.62
1576.0,11.619
1576.5,11.62
1577.0,11.162
1577.5,11.619
1578.0,11.622
1578.5,11.162
1579.0,11.619
1579.5,11.618
1580.0,11.618
1580.5,11.618
1581.0,11.62
1581.5,11.615
1582.0,11.616
1582.5,11.618
1583.0,11.516
1583.5,11.617
1584.0,11.617
1584.5,11.617
1585.0,11.619
1585.5,11.619
1586.0,11.617
1586.5,11.619
1587.0,11.618
1587.5,11.617
1588.0,11.616
1588.5,11.617
1589.0,11.617
1589.5,11.618
1590.0,11.618
1590.5,11.619
1591.0,11.616
1591.5,11.617
1592.0,11.619
1592.5,11.618
1593.0,11.617
1593.5,11.618
1594.0,11.616
1594.5,11.62
1595.0,11.616
1595.5,11.617
1596.0,11.617
1596.5,11.617
1597.0,11.617
1597.5,11.617
1598.0,11.617
1598.5,11.618
1599.0,11.616
1599.5,11.618
1600.0,11.615
1600.5,11.616
1601.0,11.615
1601.5,11.615
1602.0,11.616
1602.5,11.615
1603.0,11.615
1603.5,11.615
1604.0,11.614
1604.5,11.615
1605.0,11.616
1605.5,11.616
1606.0,11.614
1606.5,11.617
1607.0,11.617
1607.5,11.616
1608.0,11.615
1608.5,11.617
1609.0,11.614
1609.5,11.615
1610.0,11.614
1610.5,11.616
1611.0,11.612
1611.5,11.614
1612.0,11.613
1612.5,11.614
1613.0,11.614
1613.5,11.614
1614.0,11.614
1614.5,11.614
1615.0,11.614
1615.5,11.614
1616.0,11.614
1616.5,11.614
1617.0,11.614
1617.5,11.614
1618.0,11.614
