time_s,force_V_raw,force_V
0.0,3.195,3.194
0.5,3.195,3.194
1.0,3.195,3.194
1.5,3.195,3.194
2.0,3.195,3.194
2.5,3.194,3.194
3.0,3.194,3.194
3.5,3.195,3.194
4.0,3.195,3.194
4.5,3.195,3.194
5.0,3.194,3.194
5.5,3.194,3.194
6.0,3.194,3.194
6.5,3.194,3.194
7.0,3.194,3.194
7.5,3.194,3.194
8.0,3.194,3.194
8.5,3.194,3.194
9.0,3.194,3.194
9.5,3.193,3.194
10.0,3.193,3.194
10.5,3.194,3.194
11.0,3.193,3.194
11.5,3.194,3.193
12.0,3.193,3.193
12.5,3.193,3.193
13.0,3.193,3.193
13.5,3.193,3.193
14.0,3.193,3.193
14.5,3.194,3.193
15.0,3.194,3.193
15.5,3.193,3.193
16.0,3.193,3.193
16.5,3.193,3.193
17.0,3.193,3.193
17.5,3.193,3.193
18.0,3.193,3.193
18.5,3.193,3.193
19.0,3.193,3.193
19.5,3.192,3.193
20.0,3.193,3.193
20.5,3.193,3.193
21.0,3.193,3.193
21.5,3.193,3.193
22.0,3.192,3.193
22.5,3.192,3.192
23.0,3.193,3.192
23.5,3.193,3.192
24.0,3.192,3.192
24.5,3.192,3.192
25.0,3.192,3.192
25.5,3.192,3.192
26.0,3.192,3.192
26.5,3.192,3.192
27.0,3.192,3.192
27.5,3.192,3.192
28.0,3.192,3.192
28.5,3.192,3.192
29.0,3.192,3.192
29.5,3.192,3.192
30.0,3.192,3.192
30.5,3.192,3.192
31.0,3.191,3.192
31.5,3.191,3.192
32.0,3.192,3.192
32.5,3.192,3.192
33.0,3.191,3.192
33.5,3.192,3.192
34.0,3.192,3.192
34.5,3.192,3.192
35.0,3.192,3.191
35.5,3.191,3.191
36.0,3.191,3.191
36.5,3.191,3.191
37.0,3.191,3.191
37.5,3.192,3.191
38.0,3.192,3.191
38.5,3.191,3.191
39.0,3.191,3.191
39.5,3.191,3.191
40.0,3.191,3.191
40.5,3.191,3.191
41.0,3.191,3.191
41.5,3.191,3.191
42.0,3.191,3.191
42.5,3.191,3.191
43.0,3.191,3.191
43.5,3.191,3.191
44.0,3.191,3.191
44.5,3.191,3.191
45.0,3.191,3.191
45.5,3.191,3.191
46.0,3.191,3.191
46.5,3.19,3.191
47.0,3.19,3.19
47.5,3.19,3.19
48.0,3.19,3.19
48.5,3.19,3.19
49.0,3.191,3.19
49.5,3.19,3.19
50.0,3.19,3.19
50.5,3.19,3.19
51.0,3.19,3.19
51.5,3.19,3.19
52.0,3.19,3.19
52.5,3.19,3.19
53.0,3.19,3.19
53.5,3.19,3.19
54.0,3.19,3.19
54.5,3.19,3.19
55.0,3.19,3.19
55.5,3.189,3.19
56.0,3.189,3.19
56.5,3.19,3.19
57.0,3.189,3.19
57.5,3.189,3.19
58.0,3.19,3.19
58.5,3.19,3.189
59.0,3.189,3.189
59.5,3.19,3.189
60.0,3.189,3.189
60.5,3.189,3.189
61.0,3.189,3.189
61.5,3.19,3.189
62.0,3.19,3.189
62.5,3.189,3.189
63.0,3.189,3.189
63.5,3.189,3.189
64.0,3.189,3.189
64.5,3.189,3.189
65.0,3.188,3.189
65.5,3.189,3.189
66.0,3.189,3.188
66.5,3.188,3.188
67.0,3.188,3.188
67.5,3.188,3.188
68.0,3.188,3.188
68.5,3.188,3.188
69.0,3.188,3.188
69.5,3.188,3.188
70.0,3.188,3.188
70.5,3.188,3.188
71.0,3.188,3.188
71.5,3.187,3.188
72.0,3.188,3.188
72.5,3.187,3.187
73.0,3.187,3.187
73.5,3.188,3.187
74.0,3.187,3.187
74.5,3.187,3.187
75.0,3.187,3.187
75.5,3.187,3.187
76.0,3.187,3.187
76.5,3.187,3.187
77.0,3.187,3.187
77.5,3.187,3.187
78.0,3.187,3.187
78.5,3.187,3.187
79.0,3.187,3.187
79.5,3.187,3.187
80.0,3.187,3.187
80.5,3.187,3.187
81.0,3.187,3.187
81.5,3.187,3.187
82.0,3.187,3.187
82.5,3.187,3.187
83.0,3.187,3.187
83.5,3.187,3.187
84.0,3.187,3.187
84.5,3.186,3.186
85.0,3.186,3.186
85.5,3.186,3.186
86.0,3.186,3.186
86.5,3.186,3.186
87.0,3.186,3.186
87.5,3.186,3.186
88.0,3.186,3.186
88.5,3.186,3.186
89.0,3.186,3.186
89.5,3.186,3.186
90.0,3.186,3.186
90.5,3.186,3.186
91.0,3.185,3.186
91.5,3.186,3.186
92.0,3.185,3.186
92.5,3.186,3.186
93.0,3.185,3.185
93.5,3.185,3.185
94.0,3.186,3.185
94.5,3.185,3.185
95.0,3.185,3.185
95.5,3.185,3.185
96.0,3.185,3.185
96.5,3.185,3.185
97.0,3.186,3.185
97.5,3.185,3.185
98.0,3.185,3.185
98.5,3.185,3.185
99.0,3.185,3.185
99.5,3.185,3.185
100.0,3.185,3.185
100.5,3.185,3.185
101.0,3.185,3.185
101.5,3.185,3.185
102.0,3.185,3.185
102.5,3.185,3.185
103.0,3.185,3.185
103.5,3.185,3.185
104.0,3.185,3.185
104.5,3.185,3.185
105.0,3.185,3.185
105.5,3.185,3.185
106.0,3.185,3.185
106.5,3.185,3.185
107.0,3.185,3.185
107.5,3.185,3.185
108.0,3.185,3.185
108.5,3.185,3.185
109.0,3.185,3.185
109.5,3.185,3.185
110.0,3.185,3.185
110.5,3.185,3.185
111.0,3.185,3.185
111.5,3.184,3.185
112.0,3.185,3.185
112.5,3.184,3.185
113.0,3.185,3.185
113.5,3.185,3.185
114.0,3.185,3.185
114.5,3.184,3.185
115.0,3.185,3.185
115.5,3.184,3.185
116.0,3.185,3.185
116.5,3.185,3.185
117.0,3.185,3.185
117.5,3.185,3.185
118.0,3.184,3.185
118.5,3.185,3.185
119.0,3.185,3.185
119.5,3.185,3.185
120.0,3.185,3.185
120.5,3.185,3.185
121.0,3.185,3.185
121.5,3.185,3.185
122.0,3.184,3.184
122.5,3.184,3.184
123.0,3.185,3.184
123.5,3.184,3.184
124.0,3.184,3.184
124.5,3.184,3.184
125.0,3.184,3.184
125.5,3.184,3.184
126.0,3.184,3.184
126.5,3.184,3.184
127.0,3.184,3.184
127.5,3.184,3.184
128.0,3.184,3.184
128.5,3.183,3.184
129.0,3.184,3.184
129.5,3.183,3.184
130.0,3.183,3.184
130.5,3.184,3.184
131.0,3.183,3.184
131.5,3.184,3.183
132.0,3.184,3.183
132.5,3.184,3.183
133.0,3.184,3.183
133.5,3.183,3.183
134.0,3.183,3.183
134.5,3.183,3.183
135.0,3.183,3.183
135.5,3.183,3.183
136.0,3.183,3.183
136.5,3.183,3.183
137.0,3.183,3.183
137.5,3.183,3.183
138.0,3.183,3.183
138.5,3.183,3.183
139.0,3.183,3.183
139.5,3.183,3.183
140.0,3.183,3.183
140.5,3.183,3.183
141.0,3.183,3.183
141.5,3.183,3.183
142.0,3.183,3.183
142.5,3.183,3.183
143.0,3.183,3.183
143.5,3.183,3.183
144.0,3.183,3.183
144.5,3.183,3.183
145.0,3.183,3.183
145.5,3.182,3.183
146.0,3.183,3.182
146.5,3.182,3.182
147.0,3.182,3.182
147.5,3.182,3.182
148.0,3.182,3.182
148.5,3.182,3.182
149.0,3.182,3.182
149.5,3.182,3.182
150.0,3.182,3.182
150.5,3.182,3.182
151.0,3.182,3.182
151.5,3.182,3.182
152.0,3.182,3.182
152.5,3.182,3.182
153.0,3.182,3.182
153.5,3.182,3.182
154.0,3.182,3.182
154.5,3.182,3.182
155.0,3.182,3.182
155.5,3.182,3.182
156.0,3.183,3.182
156.5,3.182,3.182
157.0,3.182,3.182
157.5,3.182,3.182
158.0,3.182,3.182
158.5,3.181,3.182
159.0,3.181,3.182
159.5,3.182,3.182
160.0,3.182,3.182
160.5,3.182,3.182
161.0,3.182,3.182
161.5,3.181,3.182
162.0,3.182,3.182
162.5,3.181,3.182
163.0,3.182,3.181
163.5,3.182,3.181
164.0,3.181,3.181
164.5,3.182,3.181
165.0,3.182,3.181
165.5,3.181,3.181
166.0,3.181,3.181
166.5,3.181,3.181
167.0,3.181,3.181
167.5,3.181,3.181
168.0,3.181,3.181
168.5,3.181,3.181
169.0,3.181,3.181
169.5,3.181,3.181
170.0,3.181,3.181
170.5,3.181,3.181
171.0,3.18,3.181
171.5,3.18,3.181
172.0,3.181,3.181
172.5,3.181,3.181
173.0,3.181,3.181
173.5,3.181,3.181
174.0,3.181,3.181
174.5,3.181,3.181
175.0,3.181,3.181
175.5,3.18,3.181
176.0,3.18,3.181
176.5,3.181,3.181
177.0,3.181,3.181
177.5,3.181,3.181
178.0,3.181,3.181
178.5,3.181,3.181
179.0,3.181,3.181
179.5,3.181,3.181
180.0,3.181,3.181
180.5,3.181,3.181
181.0,3.181,3.181
181.5,3.181,3.181
182.0,3.181,3.181
182.5,3.181,3.181
183.0,3.181,3.181
183.5,3.181,3.181
184.0,3.18,3.181
184.5,3.18,3.181
185.0,3.18,3.181
185.5,3.181,3.18
186.0,3.181,3.18
186.5,3.181,3.18
187.0,3.18,3.18
187.5,3.18,3.18
188.0,3.18,3.18
188.5,3.18,3.18
189.0,3.18,3.18
189.5,3.18,3.18
190.0,3.18,3.18
190.5,3.18,3.18
191.0,3.18,3.18
191.5,3.18,3.18
192.0,3.18,3.18
192.5,3.18,3.18
193.0,3.181,3.18
193.5,3.18,3.18
194.0,3.18,3.18
194.5,3.18,3.18
195.0,3.18,3.18
195.5,3.18,3.18
196.0,3.18,3.18
196.5,3.181,3.18
197.0,3.18,3.18
197.5,3.18,3.18
198.0,3.18,3.18
198.5,3.18,3.18
199.0,3.18,3.18
199.5,3.18,3.18
200.0,3.18,3.18
200.5,3.18,3.18
201.0,3.18,3.18
201.5,3.18,3.18
202.0,3.18,3.18
202.5,3.18,3.18
203.0,3.18,3.18
203.5,3.18,3.18
204.0,3.18,3.18
204.5,3.18,3.18
205.0,3.18,3.18
205.5,3.18,3.18
206.0,3.18,3.18
206.5,3.18,3.18
207.0,3.18,3.18
207.5,3.179,3.18
208.0,3.18,3.18
208.5,3.18,3.18
209.0,3.18,3.18
209.5,3.179,3.18
210.0,3.179,3.18
210.5,3.18,3.18
211.0,3.18,3.18
211.5,3.179,3.18
212.0,3.179,3.18
212.5,3.18,3.18
213.0,3.18,3.18
213.5,3.18,3.18
214.0,3.18,3.18
214.5,3.179,3.18
215.0,3.179,3.18
215.5,3.179,3.18
216.0,3.179,3.18
216.5,3.18,3.18
217.0,3.18,3.18
217.5,3.179,3.18
218.0,3.179,3.18
218.5,3.18,3.18
219.0,3.18,3.18
219.5,3.18,3.18
220.0,3.179,3.18
220.5,3.18,3.18
221.0,3.179,3.18
221.5,3.18,3.18
222.0,3.18,3.18
222.5,3.179,3.18
223.0,3.18,3.18
223.5,3.179,3.18
224.0,3.18,3.18
224.5,3.18,3.18
225.0,3.18,3.18
225.5,3.18,3.18
226.0,3.179,3.18
226.5,3.18,3.18
227.0,3.18,3.18
227.5,3.18,3.18
228.0,3.179,3.18
228.5,3.18,3.18
229.0,3.18,3.18
229.5,3.179,3.18
230.0,3.188,3.18
230.5,3.179,3.18
231.0,3.18,3.18
231.5,3.18,3.18
232.0,3.179,3.18
232.5,3.179,3.18
233.0,3.18,3.18
233.5,3.179,3.18
234.0,3.179,3.18
234.5,3.18,3.18
235.0,3.179,3.18
235.5,3.18,3.18
236.0,3.18,3.18
236.5,3.18,3.18
237.0,3.18,3.18
237.5,3.18,3.18
238.0,3.18,3.18
238.5,3.179,3.18
239.0,3.18,3.18
239.5,3.18,3.18
240.0,3.179,3.18
240.5,3.18,3.18
241.0,3.179,3.18
241.5,3.18,3.18
242.0,3.179,3.18
242.5,3.179,3.18
243.0,3.18,3.179
243.5,3.18,3.179
244.0,3.179,3.179
244.5,3.18,3.179
245.0,3.18,3.179
245.5,3.179,3.179
246.0,3.179,3.179
246.5,3.18,3.179
247.0,3.179,3.179
247.5,3.179,3.179
248.0,3.179,3.179
248.5,3.179,3.179
249.0,3.179,3.179
249.5,3.179,3.179
250.0,3.179,3.179
250.5,3.18,3.179
251.0,3.18,3.179
251.5,3.179,3.179
252.0,3.18,3.179
252.5,3.179,3.179
253.0,3.179,3.179
253.5,3.18,3.179
254.0,3.179,3.179
254.5,3.179,3.179
255.0,3.179,3.179
255.5,3.179,3.179
256.0,3.179,3.179
256.5,3.179,3.179
257.0,3.179,3.179
257.5,3.179,3.179
258.0,3.179,3.179
258.5,3.179,3.179
259.0,3.179,3.179
259.5,3.179,3.179
260.0,3.179,3.179
260.5,3.179,3.179
261.0,3.179,3.179
261.5,3.179,3.179
262.0,3.179,3.179
262.5,3.178,3.179
263.0,3.179,3.179
263.5,3.179,3.179
264.0,3.179,3.179
264.5,3.179,3.179
265.0,3.179,3.179
265.5,3.179,3.179
266.0,3.179,3.179
266.5,3.179,3.179
267.0,3.179,3.179
267.5,3.179,3.179
268.0,3.179,3.179
268.5,3.179,3.179
269.0,3.179,3.179
269.5,3.179,3.179
270.0,3.179,3.179
270.5,3.179,3.179
271.0,3.179,3.179
271.5,3.179,3.179
272.0,3.179,3.179
272.5,3.179,3.179
273.0,3.179,3.179
273.5,3.179,3.179
274.0,3.179,3.179
274.5,3.179,3.179
275.0,3.179,3.179
275.5,3.179,3.179
276.0,3.179,3.179
276.5,3.179,3.179
277.0,3.178,3.179
277.5,3.179,3.179
278.0,3.179,3.179
278.5,3.179,3.179
279.0,3.178,3.179
279.5,3.178,3.179
280.0,3.179,3.179
280.5,3.179,3.178
281.0,3.178,3.178
281.5,3.178,3.178
282.0,3.178,3.178
282.5,3.178,3.178
283.0,3.179,3.178
283.5,3.179,3.178
284.0,3.178,3.178
284.5,3.178,3.178
285.0,3.178,3.178
285.5,3.178,3.178
286.0,3.178,3.178
286.5,3.178,3.178
287.0,3.178,3.178
287.5,3.178,3.178
288.0,3.178,3.178
288.5,3.178,3.178
289.0,3.178,3.178
289.5,3.178,3.178
290.0,3.178,3.178
290.5,3.178,3.178
291.0,3.179,3.178
291.5,3.178,3.178
292.0,3.178,3.178
292.5,3.178,3.178
293.0,3.177,3.178
293.5,3.178,3.178
294.0,3.178,3.178
294.5,3.178,3.178
295.0,3.178,3.178
295.5,3.178,3.178
296.0,3.178,3.178
296.5,3.178,3.178
297.0,3.178,3.178
297.5,3.178,3.178
298.0,3.178,3.178
298.5,3.178,3.178
299.0,3.177,3.178
299.5,3.177,3.178
300.0,3.178,3.178
300.5,3.178,3.178
301.0,3.177,3.178
301.5,3.178,3.178
302.0,3.177,3.178
302.5,3.178,3.178
303.0,3.178,3.178
303.5,3.177,3.177
304.0,3.177,3.177
304.5,3.178,3.177
305.0,3.177,3.177
305.5,3.178,3.177
306.0,3.177,3.177
306.5,3.178,3.177
307.0,3.178,3.177
307.5,3.177,3.177
308.0,3.177,3.177
308.5,3.177,3.177
309.0,3.177,3.177
309.5,3.177,3.177
310.0,3.178,3.177
310.5,3.178,3.177
311.0,3.177,3.177
311.5,3.178,3.177
312.0,3.177,3.177
312.5,3.178,3.177
313.0,3.177,3.177
313.5,3.178,3.177
314.0,3.177,3.177
314.5,3.178,3.177
315.0,3.178,3.177
315.5,3.177,3.177
316.0,3.177,3.177
316.5,3.178,3.177
317.0,3.177,3.177
317.5,3.177,3.177
318.0,3.177,3.177
318.5,3.178,3.177
319.0,3.177,3.177
319.5,3.177,3.177
320.0,3.177,3.177
320.5,3.178,3.177
321.0,3.177,3.177
321.5,3.177,3.177
322.0,3.177,3.177
322.5,3.177,3.177
323.0,3.177,3.177
323.5,3.177,3.177
324.0,3.177,3.177
324.5,3.177,3.177
325.0,3.177,3.177
325.5,3.177,3.177
326.0,3.177,3.177
326.5,3.177,3.177
327.0,3.177,3.177
327.5,3.177,3.177
328.0,3.177,3.177
328.5,3.177,3.177
329.0,3.177,3.177
329.5,3.177,3.177
330.0,3.177,3.177
330.5,3.177,3.177
331.0,3.177,3.177
331.5,3.177,3.177
332.0,3.177,3.177
332.5,3.177,3.177
333.0,3.177,3.177
333.5,3.177,3.177
334.0,3.177,3.177
334.5,3.177,3.177
335.0,3.177,3.177
335.5,3.177,3.177
336.0,3.177,3.177
336.5,3.177,3.177
337.0,3.177,3.177
337.5,3.177,3.177
338.0,3.177,3.177
338.5,3.177,3.177
339.0,3.177,3.177
339.5,3.177,3.177
340.0,3.177,3.177
340.5,3.177,3.177
341.0,3.177,3.177
341.5,3.177,3.177
342.0,3.177,3.177
342.5,3.177,3.177
343.0,3.177,3.177
343.5,3.177,3.177
344.0,3.177,3.177
344.5,3.177,3.177
345.0,3.177,3.177
345.5,3.177,3.177
346.0,3.176,3.177
346.5,3.176,3.176
347.0,3.176,3.176
347.5,3.176,3.176
348.0,3.176,3.176
348.5,3.177,3.176
349.0,3.176,3.176
349.5,3.176,3.176
350.0,3.176,3.176
350.5,3.176,3.176
351.0,3.176,3.176
351.5,3.176,3.176
352.0,3.176,3.176
352.5,3.176,3.176
353.0,3.176,3.176
353.5,3.176,3.176
354.0,3.176,3.176
354.5,3.176,3.176
355.0,3.176,3.176
355.5,3.176,3.176
356.0,3.176,3.176
356.5,3.176,3.176
357.0,3.176,3.176
357.5,3.177,3.176
358.0,3.176,3.176
358.5,3.176,3.176
359.0,3.176,3.176
359.5,3.176,3.176
360.0,3.176,3.176
360.5,3.176,3.176
361.0,3.176,3.176
361.5,3.176,3.176
362.0,3.176,3.176
362.5,3.176,3.176
363.0,3.176,3.176
363.5,3.176,3.176
364.0,3.176,3.176
364.5,3.176,3.176
365.0,3.176,3.176
365.5,3.176,3.176
366.0,3.176,3.176
366.5,3.176,3.176
367.0,3.176,3.176
367.5,3.176,3.176
368.0,3.176,3.176
368.5,3.176,3.176
369.0,3.176,3.176
369.5,3.176,3.176
370.0,3.176,3.176
370.5,3.176,3.176
371.0,3.176,3.176
371.5,3.176,3.176
372.0,3.176,3.176
372.5,3.176,3.176
373.0,3.176,3.176
373.5,3.176,3.176
374.0,3.176,3.176
374.5,3.176,3.176
375.0,3.176,3.176
375.5,3.176,3.176
376.0,3.176,3.176
376.5,3.176,3.176
377.0,3.175,3.176
377.5,3.175,3.176
378.0,3.175,3.176
378.5,3.175,3.176
379.0,3.175,3.176
379.5,3.175,3.176
380.0,3.176,3.176
380.5,3.175,3.176
381.0,3.176,3.176
381.5,3.175,3.176
382.0,3.175,3.176
382.5,3.176,3.176
383.0,3.176,3.176
383.5,3.176,3.176
384.0,3.175,3.176
384.5,3.176,3.176
385.0,3.176,3.176
385.5,3.176,3.175
386.0,3.176,3.175
386.5,3.176,3.175
387.0,3.176,3.175
387.5,3.175,3.175
388.0,3.175,3.175
388.5,3.175,3.175
389.0,3.175,3.175
389.5,3.175,3.175
390.0,3.175,3.175
390.5,3.175,3.175
391.0,3.175,3.175
391.5,3.175,3.175
392.0,3.175,3.175
392.5,3.175,3.175
393.0,3.176,3.175
393.5,3.175,3.175
394.0,3.175,3.175
394.5,3.175,3.175
395.0,3.175,3.175
395.5,3.175,3.175
396.0,3.175,3.175
396.5,3.175,3.175
397.0,3.175,3.175
397.5,3.175,3.175
398.0,3.175,3.175
398.5,3.175,3.175
399.0,3.175,3.175
399.5,3.175,3.175
400.0,3.175,3.175
400.5,3.175,3.175
401.0,3.175,3.175
401.5,3.175,3.175
402.0,3.175,3.175
402.5,3.175,3.175
403.0,3.174,3.175
403.5,3.175,3.175
404.0,3.174,3.175
404.5,3.175,3.175
405.0,3.174,3.175
405.5,3.174,3.175
406.0,3.175,3.174
406.5,3.174,3.174
407.0,3.174,3.174
407.5,3.174,3.174
408.0,3.174,3.174
408.5,3.179,3.174
409.0,3.174,3.174
409.5,3.175,3.174
410.0,3.175,3.174
410.5,3.174,3.174
411.0,3.174,3.174
411.5,3.174,3.174
412.0,3.175,3.174
412.5,3.175,3.174
413.0,3.175,3.174
413.5,3.174,3.174
414.0,3.175,3.174
414.5,3.175,3.174
415.0,3.174,3.174
415.5,3.174,3.174
416.0,3.174,3.174
416.5,3.175,3.174
417.0,3.175,3.174
417.5,3.174,3.174
418.0,3.174,3.174
418.5,3.174,3.174
419.0,3.174,3.174
419.5,3.174,3.174
420.0,3.174,3.174
420.5,3.174,3.174
421.0,3.174,3.174
421.5,3.174,3.174
422.0,3.174,3.174
422.5,3.174,3.174
423.0,3.174,3.174
423.5,3.174,3.174
424.0,3.173,3.174
424.5,3.173,3.173
425.0,3.173,3.173
425.5,3.173,3.173
426.0,3.173,3.173
426.5,3.173,3.173
427.0,3.173,3.173
427.5,3.173,3.173
428.0,3.173,3.173
428.5,3.174,3.173
429.0,3.173,3.173
429.5,3.173,3.173
430.0,3.173,3.173
430.5,3.173,3.173
431.0,3.173,3.173
431.5,3.173,3.173
432.0,3.173,3.173
432.5,3.173,3.173
433.0,3.173,3.173
433.5,3.173,3.173
434.0,3.173,3.173
434.5,3.173,3.173
435.0,3.173,3.173
435.5,3.173,3.173
436.0,3.172,3.173
436.5,3.173,3.173
437.0,3.172,3.173
437.5,3.172,3.172
438.0,3.173,3.172
438.5,3.172,3.172
439.0,3.172,3.172
439.5,3.173,3.172
440.0,3.172,3.172
440.5,3.172,3.172
441.0,3.172,3.172
441.5,3.172,3.172
442.0,3.172,3.172
442.5,3.172,3.172
443.0,3.172,3.172
443.5,3.172,3.172
444.0,3.172,3.172
444.5,3.172,3.172
445.0,3.172,3.172
445.5,3.172,3.172
446.0,3.172,3.172
446.5,3.172,3.172
447.0,3.172,3.172
447.5,3.172,3.172
448.0,3.172,3.172
448.5,3.173,3.172
449.0,3.172,3.172
449.5,3.172,3.172
450.0,3.172,3.172
450.5,3.173,3.172
451.0,3.172,3.172
451.5,3.172,3.172
452.0,3.173,3.172
452.5,3.172,3.172
453.0,3.172,3.172
453.5,3.172,3.172
454.0,3.172,3.172
454.5,3.172,3.172
455.0,3.172,3.172
455.5,3.172,3.172
456.0,3.172,3.172
456.5,3.172,3.172
457.0,3.172,3.172
457.5,3.172,3.172
458.0,3.172,3.172
458.5,3.172,3.172
459.0,3.172,3.172
459.5,3.172,3.172
460.0,3.172,3.172
460.5,3.172,3.172
461.0,3.172,3.172
461.5,3.172,3.172
462.0,3.172,3.172
462.5,3.172,3.172
463.0,3.172,3.172
463.5,3.172,3.172
464.0,3.172,3.172
464.5,3.172,3.172
465.0,3.172,3.172
465.5,3.172,3.172
466.0,3.172,3.172
466.5,3.172,3.172
467.0,3.172,3.172
467.5,3.172,3.172
468.0,3.172,3.172
468.5,3.171,3.171
469.0,3.171,3.171
469.5,3.171,3.171
470.0,3.171,3.171
470.5,3.171,3.171
471.0,3.171,3.171
471.5,3.171,3.171
472.0,3.171,3.171
472.5,3.171,3.171
473.0,3.171,3.171
473.5,3.171,3.171
474.0,3.171,3.171
474.5,3.171,3.171
475.0,3.171,3.171
475.5,3.171,3.171
476.0,3.171,3.171
476.5,3.171,3.171
477.0,3.171,3.171
477.5,3.171,3.171
478.0,3.171,3.171
478.5,3.171,3.171
479.0,3.171,3.171
479.5,3.171,3.171
480.0,3.171,3.171
480.5,3.171,3.171
481.0,3.171,3.171
481.5,3.171,3.171
482.0,3.171,3.171
482.5,3.171,3.171
483.0,3.171,3.171
483.5,3.171,3.171
484.0,3.171,3.171
484.5,3.171,3.171
485.0,3.171,3.171
485.5,3.171,3.171
486.0,3.171,3.171
486.5,3.171,3.171
487.0,3.17,3.17
487.5,3.17,3.17
488.0,3.17,3.17
488.5,3.17,3.17
489.0,3.17,3.17
489.5,3.17,3.17
490.0,3.17,3.17
490.5,3.17,3.17
491.0,3.17,3.17
491.5,3.17,3.17
492.0,3.169,3.17
492.5,3.169,3.17
493.0,3.17,3.17
493.5,3.17,3.17
494.0,3.17,3.17
494.5,3.17,3.17
495.0,3.17,3.17
495.5,3.17,3.17
496.0,3.17,3.17
496.5,3.17,3.17
497.0,3.17,3.17
497.5,3.17,3.17
498.0,3.17,3.17
498.5,3.17,3.17
499.0,3.17,3.17
499.5,3.17,3.17
500.0,3.17,3.17
500.5,3.17,3.17
501.0,3.17,3.17
501.5,3.17,3.17
502.0,3.17,3.17
502.5,3.17,3.17
503.0,3.17,3.17
503.5,3.17,3.17
504.0,3.17,3.17
504.5,3.17,3.17
505.0,3.17,3.17
505.5,3.17,3.17
506.0,3.17,3.17
506.5,3.17,3.17
507.0,3.17,3.17
507.5,3.17,3.17
508.0,3.169,3.169
508.5,3.169,3.169
509.0,3.169,3.169
509.5,3.169,3.169
510.0,3.169,3.169
510.5,3.169,3.169
511.0,3.169,3.169
511.5,3.169,3.169
512.0,3.169,3.169
512.5,3.169,3.169
513.0,3.169,3.169
513.5,3.169,3.169
514.0,3.169,3.169
514.5,3.169,3.169
515.0,3.169,3.169
515.5,3.169,3.169
516.0,3.169,3.169
516.5,3.169,3.169
517.0,3.169,3.169
517.5,3.169,3.169
518.0,3.169,3.169
518.5,3.168,3.169
519.0,3.169,3.169
519.5,3.168,3.169
520.0,3.169,3.169
520.5,3.169,3.169
521.0,3.168,3.169
521.5,3.169,3.169
522.0,3.169,3.168
522.5,3.168,3.168
523.0,3.169,3.168
523.5,3.168,3.168
524.0,3.168,3.168
524.5,3.168,3.168
525.0,3.168,3.168
525.5,3.168,3.168
526.0,3.168,3.168
526.5,3.169,3.168
527.0,3.168,3.168
527.5,3.168,3.168
528.0,3.168,3.168
528.5,3.168,3.168
529.0,3.168,3.168
529.5,3.168,3.168
530.0,3.168,3.168
530.5,3.168,3.168
531.0,3.168,3.168
531.5,3.167,3.168
532.0,3.168,3.167
532.5,3.167,3.167
533.0,3.167,3.167
533.5,3.167,3.167
534.0,3.167,3.167
534.5,3.167,3.167
535.0,3.167,3.167
535.5,3.162,3.163
536.0,3.162,3.162
536.5,3.162,3.162
537.0,3.162,3.162
537.5,3.162,3.162
538.0,3.162,3.162
538.5,3.162,3.162
539.0,3.162,3.162
539.5,3.162,3.162
540.0,3.163,3.162
540.5,3.162,3.162
541.0,3.162,3.162
541.5,3.162,3.162
542.0,3.162,3.162
542.5,3.162,3.162
543.0,3.162,3.162
543.5,3.162,3.162
544.0,3.162,3.162
544.5,3.162,3.162
545.0,3.162,3.162
545.5,3.162,3.162
546.0,3.162,3.162
546.5,3.162,3.162
547.0,3.162,3.162
547.5,3.162,3.162
548.0,3.162,3.162
548.5,3.162,3.162
549.0,3.162,3.162
549.5,3.162,3.162
550.0,3.162,3.162
550.5,3.162,3.162
551.0,3.162,3.162
551.5,3.162,3.162
552.0,3.162,3.162
552.5,3.162,3.162
553.0,3.162,3.162
553.5,3.162,3.162
554.0,3.162,3.162
554.5,3.162,3.162
555.0,3.162,3.162
555.5,3.162,3.162
556.0,3.162,3.162
556.5,3.162,3.162
557.0,3.162,3.162
557.5,3.162,3.162
558.0,3.162,3.162
558.5,3.162,3.162
559.0,3.162,3.162
559.5,3.162,3.162
560.0,3.162,3.162
560.5,3.162,3.162
561.0,3.162,3.162
561.5,3.162,3.162
562.0,3.162,3.162
562.5,3.162,3.162
563.0,3.162,3.162
563.5,3.162,3.162
564.0,3.162,3.162
564.5,3.162,3.162
565.0,3.162,3.162
565.5,3.162,3.162
566.0,3.162,3.162
566.5,3.162,3.162
567.0,3.162,3.162
567.5,3.162,3.162
568.0,3.162,3.162
568.5,3.162,3.162
569.0,3.162,3.162
569.5,3.162,3.162
570.0,3.162,3.162
570.5,3.162,3.162
571.0,3.161,3.162
571.5,3.162,3.162
572.0,3.162,3.162
572.5,3.161,3.162
573.0,3.161,3.162
573.5,3.162,3.162
574.0,3.161,3.162
574.5,3.162,3.161
575.0,3.162,3.161
575.5,3.162,3.161
576.0,3.161,3.161
576.5,3.161,3.161
577.0,3.162,3.161
577.5,3.161,3.161
578.0,3.161,3.161
578.5,3.161,3.161
579.0,3.161,3.161
579.5,3.161,3.161
580.0,3.161,3.161
580.5,3.161,3.161
581.0,3.161,3.161
581.5,3.161,3.161
582.0,3.161,3.161
582.5,3.161,3.161
583.0,3.161,3.161
583.5,3.161,3.161
584.0,3.161,3.161
584.5,3.162,3.161
585.0,3.161,3.161
585.5,3.162,3.161
586.0,3.161,3.161
586.5,3.161,3.161
587.0,3.161,3.161
587.5,3.161,3.161
588.0,3.161,3.161
588.5,3.161,3.161
589.0,3.161,3.161
589.5,3.161,3.161
590.0,3.161,3.161
590.5,3.16,3.161
591.0,3.161,3.161
591.5,3.161,3.161
592.0,3.161,3.161
592.5,3.161,3.161
593.0,3.161,3.161
593.5,3.161,3.161
594.0,3.161,3.161
594.5,3.162,3.161
595.0,3.161,3.161
595.5,3.161,3.161
596.0,3.161,3.161
596.5,3.161,3.161
597.0,3.161,3.161
597.5,3.161,3.161
598.0,3.161,3.161
598.5,3.161,3.161
599.0,3.161,3.161
599.5,3.158,3.159
600.0,3.158,3.158
600.5,3.158,3.158
601.0,3.158,3.158
601.5,3.158,3.158
602.0,3.158,3.158
602.5,3.158,3.158
603.0,3.158,3.158
603.5,3.159,3.158
604.0,3.158,3.158
604.5,3.158,3.158
605.0,3.158,3.158
605.5,3.158,3.158
606.0,3.158,3.158
606.5,3.158,3.158
607.0,3.158,3.158
607.5,3.159,3.158
608.0,3.158,3.158
608.5,3.159,3.158
609.0,3.158,3.158
609.5,3.158,3.158
610.0,3.158,3.158
610.5,3.158,3.158
611.0,3.158,3.158
611.5,3.158,3.158
612.0,3.158,3.158
612.5,3.158,3.158
613.0,3.158,3.158
613.5,3.158,3.158
614.0,3.158,3.158
614.5,3.158,3.158
615.0,3.158,3.158
615.5,3.158,3.158
616.0,3.158,3.158
616.5,3.158,3.158
617.0,3.158,3.158
617.5,3.158,3.158
618.0,3.158,3.158
618.5,3.158,3.158
619.0,3.158,3.158
619.5,3.158,3.158
620.0,3.158,3.158
620.5,3.158,3.158
621.0,3.158,3.158
621.5,3.158,3.158
622.0,3.158,3.158
622.5,3.158,3.158
623.0,3.158,3.158
623.5,3.158,3.158
624.0,3.158,3.158
624.5,3.158,3.158
625.0,3.158,3.158
625.5,3.158,3.158
626.0,3.158,3.158
626.5,3.158,3.158
627.0,3.158,3.158
627.5,3.158,3.158
628.0,3.158,3.158
628.5,3.158,3.158
629.0,3.158,3.158
629.5,3.158,3.158
630.0,3.158,3.158
630.5,3.158,3.158
631.0,3.158,3.158
631.5,3.158,3.158
632.0,3.158,3.158
632.5,3.158,3.158
633.0,3.158,3.158
633.5,3.158,3.158
634.0,3.158,3.158
634.5,3.158,3.158
635.0,3.158,3.158
635.5,3.158,3.158
636.0,3.158,3.158
636.5,3.158,3.158
637.0,3.158,3.158
637.5,3.158,3.158
638.0,3.158,3.158
638.5,3.158,3.158
639.0,3.158,3.158
639.5,3.159,3.158
640.0,3.159,3.158
640.5,3.158,3.158
641.0,3.158,3.158
641.5,3.158,3.158
642.0,3.158,3.158
642.5,3.158,3.158
643.0,3.158,3.158
643.5,3.158,3.158
644.0,3.158,3.158
644.5,3.158,3.158
645.0,3.158,3.158
645.5,3.158,3.158
646.0,3.158,3.158
646.5,3.158,3.158
647.0,3.158,3.158
647.5,3.158,3.158
648.0,3.158,3.158
648.5,3.158,3.158
649.0,3.158,3.158
649.5,3.158,3.158
650.0,3.158,3.158
650.5,3.158,3.158
651.0,3.158,3.158
651.5,3.158,3.158
652.0,3.158,3.158
652.5,3.158,3.158
653.0,3.158,3.158
653.5,3.158,3.158
654.0,3.158,3.158
654.5,3.157,3.158
655.0,3.158,3.158
655.5,3.158,3.158
656.0,3.158,3.158
656.5,3.158,3.158
657.0,3.158,3.158
657.5,3.158,3.158
658.0,3.158,3.158
658.5,3.158,3.158
659.0,3.158,3.158
659.5,3.158,3.158
660.0,3.158,3.158
660.5,3.158,3.158
661.0,3.158,3.158
661.5,3.158,3.158
662.0,3.158,3.158
662.5,3.158,3.158
663.0,3.158,3.158
663.5,3.158,3.158
664.0,3.158,3.158
664.5,3.157,3.158
665.0,3.158,3.158
665.5,3.158,3.158
666.0,3.158,3.158
666.5,3.158,3.158
667.0,3.158,3.158
667.5,3.158,3.158
668.0,3.158,3.158
668.5,3.158,3.158
669.0,3.158,3.158
669.5,3.158,3.158
670.0,3.158,3.158
670.5,3.158,3.158
671.0,3.158,3.158
671.5,3.158,3.158
672.0,3.158,3.158
672.5,3.157,3.158
673.0,3.158,3.158
673.5,3.157,3.158
674.0,3.157,3.158
674.5,3.158,3.158
675.0,3.158,3.158
675.5,3.158,3.158
676.0,3.158,3.158
676.5,3.158,3.158
677.0,3.158,3.158
677.5,3.158,3.158
678.0,3.158,3.158
678.5,3.158,3.158
679.0,3.158,3.158
679.5,3.158,3.158
680.0,3.158,3.158
680.5,3.158,3.158
681.0,3.158,3.158
681.5,3.158,3.158
682.0,3.158,3.158
682.5,3.158,3.158
683.0,3.158,3.158
683.5,3.158,3.158
684.0,3.158,3.158
684.5,3.158,3.158
685.0,3.158,3.158
685.5,3.158,3.158
686.0,3.158,3.158
686.5,3.158,3.158
687.0,3.158,3.158
687.5,3.158,3.158
688.0,3.158,3.158
688.5,3.158,3.158
689.0,3.158,3.158
689.5,3.158,3.158
690.0,3.158,3.158
690.5,3.158,3.158
691.0,3.158,3.158
691.5,3.158,3.158
692.0,3.158,3.158
692.5,3.158,3.158
693.0,3.158,3.158
693.5,3.158,3.158
694.0,3.158,3.158
694.5,3.158,3.158
695.0,3.157,3.158
695.5,3.157,3.158
696.0,3.158,3.158
696.5,3.158,3.158
697.0,3.158,3.158
697.5,3.158,3.158
698.0,3.158,3.158
698.5,3.158,3.158
699.0,3.158,3.158
699.5,3.158,3.158
700.0,3.158,3.158
700.5,3.158,3.158
701.0,3.158,3.158
701.5,3.158,3.158
702.0,3.158,3.158
702.5,3.158,3.158
703.0,3.158,3.158
703.5,3.157,3.158
704.0,3.158,3.158
704.5,3.158,3.158
705.0,3.158,3.158
705.5,3.158,3.158
706.0,3.158,3.158
706.5,3.158,3.158
707.0,3.158,3.158
707.5,3.158,3.158
708.0,3.158,3.158
708.5,3.158,3.158
709.0,3.158,3.158
709.5,3.158,3.158
710.0,3.158,3.158
710.5,3.158,3.158
711.0,3.158,3.158
711.5,3.158,3.158
712.0,3.158,3.158
712.5,3.158,3.158
713.0,3.158,3.158
713.5,3.158,3.158
714.0,3.158,3.158
714.5,3.158,3.158
715.0,3.158,3.158
715.5,3.158,3.158
716.0,3.157,3.158
716.5,3.158,3.158
717.0,3.158,3.158
717.5,3.158,3.158
718.0,3.157,3.158
718.5,3.158,3.158
719.0,3.158,3.158
719.5,3.158,3.158
720.0,3.157,3.158
720.5,3.158,3.158
721.0,3.158,3.158
721.5,3.158,3.158
722.0,3.158,3.158
722.5,3.158,3.158
723.0,3.158,3.158
723.5,3.158,3.158
724.0,3.158,3.158
724.5,3.158,3.158
725.0,3.158,3.158
725.5,3.158,3.158
726.0,3.158,3.158
726.5,3.158,3.158
727.0,3.158,3.158
727.5,3.158,3.158
728.0,3.158,3.158
728.5,3.158,3.158
729.0,3.158,3.158
729.5,3.158,3.158
730.0,3.158,3.158
730.5,3.158,3.158
731.0,3.158,3.158
731.5,3.157,3.158
732.0,3.158,3.158
732.5,3.157,3.158
733.0,3.158,3.158
733.5,3.157,3.158
734.0,3.158,3.158
734.5,3.158,3.158
735.0,3.157,3.158
735.5,3.158,3.158
736.0,3.158,3.158
736.5,3.157,3.158
737.0,3.158,3.158
737.5,3.158,3.158
738.0,3.158,3.158
738.5,3.158,3.158
739.0,3.158,3.158
739.5,3.158,3.158
740.0,3.158,3.158
740.5,3.158,3.158
741.0,3.158,3.158
741.5,3.158,3.158
742.0,3.158,3.158
742.5,3.158,3.158
743.0,3.158,3.158
743.5,3.158,3.158
744.0,3.158,3.158
744.5,3.158,3.158
745.0,3.158,3.158
745.5,3.158,3.158
746.0,3.157,3.158
746.5,3.158,3.158
747.0,3.158,3.158
747.5,3.158,3.158
748.0,3.158,3.158
748.5,3.158,3.158
749.0,3.158,3.158
749.5,3.158,3.158
750.0,3.157,3.158
750.5,3.157,3.158
751.0,3.158,3.158
751.5,3.158,3.158
752.0,3.157,3.158
752.5,3.15,3.158
753.0,3.158,3.158
753.5,3.158,3.158
754.0,3.158,3.158
754.5,3.158,3.158
755.0,3.158,3.158
755.5,3.157,3.158
756.0,3.158,3.158
756.5,3.157,3.158
757.0,3.158,3.158
757.5,3.158,3.158
758.0,3.157,3.158
758.5,3.158,3.158
759.0,3.158,3.158
759.5,3.157,3.158
760.0,3.157,3.158
760.5,3.158,3.157
761.0,3.157,3.157
761.5,3.157,3.157
762.0,3.158,3.157
762.5,3.158,3.157
763.0,3.157,3.157
763.5,3.157,3.157
764.0,3.157,3.157
764.5,3.158,3.157
765.0,3.158,3.157
765.5,3.157,3.157
766.0,3.157,3.157
766.5,3.157,3.157
767.0,3.157,3.157
767.5,3.157,3.157
768.0,3.157,3.157
768.5,3.157,3.157
769.0,3.157,3.157
769.5,3.157,3.157
770.0,3.157,3.157
770.5,3.157,3.157
771.0,3.157,3.157
771.5,3.157,3.157
772.0,3.157,3.157
772.5,3.157,3.157
773.0,3.157,3.157
773.5,3.157,3.157
774.0,3.157,3.157
774.5,3.157,3.157
775.0,3.157,3.157
775.5,3.157,3.157
776.0,3.157,3.157
776.5,3.157,3.157
777.0,3.157,3.157
777.5,3.158,3.157
778.0,3.157,3.157
778.5,3.158,3.157
779.0,3.157,3.157
779.5,3.157,3.157
780.0,3.157,3.157
780.5,3.157,3.157
781.0,3.157,3.157
781.5,3.157,3.157
782.0,3.157,3.157
782.5,3.158,3.157
783.0,3.157,3.157
783.5,3.158,3.157
784.0,3.157,3.157
784.5,3.157,3.157
785.0,3.157,3.157
785.5,3.157,3.157
786.0,3.157,3.157
786.5,3.157,3.157
787.0,3.157,3.157
787.5,3.157,3.157
788.0,3.157,3.157
788.5,3.157,3.157
789.0,3.157,3.157
789.5,3.157,3.157
790.0,3.157,3.157
790.5,3.157,3.157
791.0,3.157,3.157
791.5,3.157,3.157
792.0,3.157,3.157
792.5,3.157,3.157
793.0,3.157,3.157
793.5,3.157,3.157
794.0,3.157,3.157
794.5,3.157,3.157
795.0,3.158,3.157
795.5,3.157,3.157
796.0,3.157,3.157
796.5,3.157,3.157
797.0,3.157,3.157
797.5,3.157,3.157
798.0,3.157,3.157
798.5,3.157,3.157
799.0,3.157,3.157
799.5,3.157,3.157
800.0,3.157,3.157
800.5,3.157,3.157
801.0,3.157,3.157
801.5,3.157,3.157
802.0,3.157,3.157
802.5,3.157,3.157
803.0,3.157,3.157
803.5,3.157,3.157
804.0,3.157,3.157
804.5,3.157,3.157
805.0,3.157,3.157
805.5,3.157,3.157
806.0,3.157,3.157
806.5,3.157,3.157
807.0,3.157,3.157
807.5,3.157,3.157
808.0,3.157,3.157
808.5,3.157,3.157
809.0,3.157,3.157
809.5,3.157,3.157
810.0,3.157,3.157
810.5,3.157,3.157
811.0,3.157,3.157
811.5,3.157,3.157
812.0,3.157,3.157
812.5,3.157,3.157
813.0,3.156,3.157
813.5,3.157,3.157
814.0,3.157,3.157
814.5,3.157,3.157
815.0,3.157,3.157
815.5,3.157,3.157
816.0,3.157,3.157
816.5,3.157,3.157
817.0,3.156,3.157
817.5,3.157,3.157
818.0,3.157,3.157
818.5,3.157,3.157
819.0,3.157,3.157
819.5,3.156,3.157
820.0,3.156,3.157
820.5,3.156,3.157
821.0,3.156,3.156
821.5,3.156,3.156
822.0,3.156,3.156
822.5,3.156,3.156
823.0,3.156,3.156
823.5,3.157,3.156
824.0,3.157,3.156
824.5,3.157,3.156
825.0,3.157,3.156
825.5,3.156,3.156
826.0,3.156,3.156
826.5,3.156,3.156
827.0,3.156,3.156
827.5,3.156,3.156
828.0,3.156,3.156
828.5,3.156,3.156
829.0,3.156,3.156
829.5,3.156,3.156
830.0,3.156,3.156
830.5,3.156,3.156
831.0,3.156,3.156
831.5,3.156,3.156
832.0,3.156,3.156
832.5,3.156,3.156
833.0,3.156,3.156
833.5,3.156,3.156
834.0,3.156,3.156
834.5,3.157,3.156
835.0,3.156,3.156
835.5,3.156,3.156
836.0,3.157,3.156
836.5,3.157,3.156
837.0,3.156,3.156
837.5,3.156,3.156
838.0,3.156,3.156
838.5,3.156,3.156
839.0,3.156,3.156
839.5,3.156,3.156
840.0,3.156,3.156
840.5,3.156,3.156
841.0,3.156,3.156
841.5,3.156,3.156
842.0,3.156,3.156
842.5,3.156,3.156
843.0,3.156,3.156
843.5,3.156,3.156
844.0,3.156,3.156
844.5,3.156,3.156
845.0,3.156,3.156
845.5,3.156,3.156
846.0,3.156,3.156
846.5,3.156,3.156
847.0,3.156,3.156
847.5,3.156,3.156
848.0,3.156,3.156
848.5,3.156,3.156
849.0,3.156,3.156
849.5,3.156,3.156
850.0,3.156,3.156
850.5,3.156,3.156
851.0,3.156,3.156
851.5,3.156,3.156
852.0,3.156,3.156
852.5,3.156,3.156
853.0,3.156,3.156
853.5,3.156,3.156
854.0,3.156,3.156
854.5,3.156,3.156
855.0,3.156,3.156
855.5,3.156,3.156
856.0,3.156,3.156
856.5,3.156,3.156
857.0,3.156,3.156
857.5,3.156,3.156
858.0,3.156,3.156
858.5,3.156,3.156
859.0,3.156,3.156
859.5,3.156,3.156
860.0,3.156,3.156
860.5,3.156,3.156
861.0,3.156,3.156
861.5,3.156,3.156
862.0,3.156,3.156
862.5,3.156,3.156
863.0,3.156,3.156
863.5,3.155,3.156
864.0,3.156,3.156
864.5,3.156,3.156
865.0,3.156,3.156
865.5,3.156,3.156
866.0,3.155,3.156
866.5,3.156,3.156
867.0,3.156,3.156
867.5,3.155,3.155
868.0,3.155,3.155
868.5,3.155,3.155
869.0,3.155,3.155
869.5,3.155,3.155
870.0,3.156,3.155
870.5,3.155,3.155
871.0,3.155,3.155
871.5,3.155,3.155
872.0,3.156,3.155
872.5,3.155,3.155
873.0,3.155,3.155
873.5,3.155,3.155
874.0,3.155,3.155
874.5,3.156,3.155
875.0,3.155,3.155
875.5,3.155,3.155
876.0,3.155,3.155
876.5,3.155,3.155
877.0,3.155,3.155
877.5,3.155,3.155
878.0,3.155,3.155
878.5,3.155,3.155
879.0,3.155,3.155
879.5,3.155,3.155
880.0,3.155,3.155
880.5,3.155,3.155
881.0,3.155,3.155
881.5,3.155,3.155
882.0,3.155,3.155
882.5,3.155,3.155
883.0,3.155,3.155
883.5,3.155,3.155
884.0,3.155,3.155
884.5,3.155,3.155
885.0,3.155,3.155
885.5,3.155,3.155
886.0,3.155,3.155
886.5,3.155,3.155
887.0,3.155,3.155
887.5,3.155,3.155
888.0,3.155,3.155
888.5,3.155,3.155
889.0,3.155,3.155
889.5,3.155,3.155
890.0,3.155,3.155
890.5,3.155,3.155
891.0,3.155,3.155
891.5,3.155,3.155
892.0,3.155,3.155
892.5,3.155,3.155
893.0,3.155,3.155
893.5,3.155,3.155
894.0,3.155,3.155
894.5,3.155,3.155
895.0,3.155,3.155
895.5,3.155,3.155
896.0,3.155,3.155
896.5,3.155,3.155
897.0,3.155,3.155
897.5,3.155,3.155
898.0,3.155,3.155
898.5,3.156,3.155
899.0,3.155,3.155
899.5,3.155,3.155
900.0,3.155,3.155
900.5,3.155,3.155
901.0,3.155,3.155
901.5,3.155,3.155
902.0,3.155,3.155
902.5,3.155,3.155
903.0,3.155,3.155
903.5,3.155,3.155
904.0,3.155,3.155
904.5,3.155,3.155
905.0,3.155,3.155
905.5,3.155,3.155
906.0,3.155,3.155
906.5,3.155,3.155
907.0,3.155,3.155
907.5,3.155,3.155
908.0,3.155,3.155
908.5,3.155,3.155
909.0,3.154,3.155
909.5,3.154,3.155
910.0,3.155,3.155
910.5,3.155,3.155
911.0,3.155,3.155
911.5,3.155,3.155
912.0,3.155,3.155
912.5,3.155,3.155
913.0,3.155,3.154
913.5,3.154,3.154
914.0,3.154,3.154
914.5,3.154,3.154
915.0,3.154,3.154
915.5,3.155,3.154
916.0,3.154,3.154
916.5,3.154,3.154
917.0,3.154,3.154
917.5,3.154,3.154
918.0,3.154,3.154
918.5,3.154,3.154
919.0,3.154,3.154
919.5,3.154,3.154
920.0,3.154,3.154
920.5,3.154,3.154
921.0,3.154,3.154
921.5,3.154,3.154
922.0,3.154,3.154
922.5,3.154,3.154
923.0,3.154,3.154
923.5,3.154,3.154
924.0,3.154,3.154
924.5,3.154,3.154
925.0,3.154,3.154
925.5,3.154,3.154
926.0,3.154,3.154
926.5,3.155,3.154
927.0,3.154,3.154
927.5,3.154,3.154
928.0,3.154,3.154
928.5,3.154,3.154
929.0,3.154,3.154
929.5,3.154,3.154
930.0,3.154,3.154
930.5,3.154,3.154
931.0,3.154,3.154
931.5,3.154,3.154
932.0,3.154,3.154
932.5,3.154,3.154
933.0,3.154,3.154
933.5,3.154,3.154
934.0,3.154,3.154
934.5,3.154,3.154
935.0,3.154,3.154
935.5,3.154,3.154
936.0,3.154,3.154
936.5,3.154,3.154
937.0,3.154,3.154
937.5,3.154,3.154
938.0,3.154,3.154
938.5,3.154,3.154
939.0,3.154,3.154
939.5,3.154,3.154
940.0,3.154,3.154
940.5,3.154,3.154
941.0,3.153,3.154
941.5,3.153,3.154
942.0,3.153,3.154
942.5,3.153,3.154
943.0,3.154,3.154
943.5,3.154,3.154
944.0,3.154,3.154
944.5,3.153,3.154
945.0,3.153,3.154
945.5,3.154,3.154
946.0,3.154,3.154
946.5,3.154,3.154
947.0,3.154,3.154
947.5,3.154,3.154
948.0,3.154,3.154
948.5,3.154,3.154
949.0,3.154,3.154
949.5,3.154,3.154
950.0,3.154,3.154
950.5,3.153,3.154
951.0,3.154,3.154
951.5,3.154,3.154
952.0,3.154,3.154
952.5,3.154,3.154
953.0,3.153,3.154
953.5,3.154,3.154
954.0,3.154,3.154
954.5,3.153,3.154
955.0,3.154,3.154
955.5,3.154,3.154
956.0,3.153,3.154
956.5,3.154,3.154
957.0,3.154,3.154
957.5,3.153,3.154
958.0,3.154,3.154
958.5,3.154,3.154
959.0,3.154,3.154
959.5,3.154,3.154
960.0,3.154,3.154
960.5,3.154,3.154
961.0,3.154,3.153
961.5,3.154,3.153
962.0,3.153,3.153
962.5,3.153,3.153
963.0,3.153,3.153
963.5,3.153,3.153
964.0,3.153,3.153
964.5,3.153,3.153
965.0,3.153,3.153
965.5,3.153,3.153
966.0,3.153,3.153
966.5,3.153,3.153
967.0,3.153,3.153
967.5,3.153,3.153
968.0,3.153,3.153
968.5,3.153,3.153
969.0,3.153,3.153
969.5,3.153,3.153
970.0,3.153,3.153
970.5,3.153,3.153
971.0,3.153,3.153
971.5,3.153,3.153
972.0,3.153,3.153
972.5,3.153,3.153
973.0,3.153,3.153
973.5,3.153,3.153
974.0,3.153,3.153
974.5,3.153,3.153
975.0,3.153,3.153
975.5,3.153,3.153
976.0,3.153,3.153
976.5,3.153,3.153
977.0,3.153,3.153
977.5,3.153,3.153
978.0,3.153,3.153
978.5,3.153,3.153
979.0,3.153,3.153
979.5,3.153,3.153
980.0,3.153,3.153
980.5,3.153,3.153
981.0,3.153,3.153
981.5,3.153,3.153
982.0,3.153,3.153
982.5,3.153,3.153
983.0,3.153,3.153
983.5,3.153,3.153
984.0,3.153,3.153
984.5,3.153,3.153
985.0,3.153,3.153
985.5,3.153,3.153
986.0,3.153,3.153
986.5,3.153,3.153
987.0,3.153,3.153
987.5,3.153,3.153
988.0,3.153,3.153
988.5,3.153,3.153
989.0,3.153,3.153
989.5,3.153,3.153
990.0,3.153,3.153
990.5,3.153,3.153
991.0,3.153,3.153
991.5,3.153,3.153
992.0,3.153,3.153
992.5,3.153,3.153
993.0,3.153,3.153
993.5,3.153,3.153
994.0,3.153,3.153
994.5,3.153,3.153
995.0,3.153,3.153
995.5,3.153,3.153
996.0,3.153,3.153
996.5,3.153,3.153
997.0,3.153,3.153
997.5,3.153,3.153
998.0,3.153,3.153
998.5,3.153,3.153
999.0,3.153,3.153
999.5,3.153,3.153
1000.0,3.153,3.153
1000.5,3.153,3.153
1001.0,3.153,3.153
1001.5,3.153,3.153
1002.0,3.153,3.153
1002.5,3.153,3.153
1003.0,3.153,3.153
1003.5,3.153,3.153
1004.0,3.153,3.153
1004.5,3.153,3.153
1005.0,3.153,3.153
1005.5,3.153,3.153
1006.0,3.153,3.153
1006.5,3.153,3.153
1007.0,3.153,3.153
1007.5,3.153,3.153
1008.0,3.153,3.153
1008.5,3.153,3.153
1009.0,3.153,3.153
1009.5,3.153,3.153
1010.0,3.153,3.153
1010.5,3.153,3.153
1011.0,3.153,3.153
1011.5,3.153,3.153
1012.0,3.153,3.153
1012.5,3.153,3.153
1013.0,3.153,3.153
1013.5,3.153,3.153
1014.0,3.153,3.153
1014.5,3.153,3.153
1015.0,3.153,3.153
1015.5,3.153,3.153
1016.0,3.153,3.153
1016.5,3.153,3.153
1017.0,3.153,3.153
1017.5,3.153,3.153
1018.0,3.153,3.153
1018.5,3.153,3.153
1019.0,3.153,3.153
1019.5,3.153,3.153
1020.0,3.153,3.153
1020.5,3.153,3.153
1021.0,3.153,3.153
1021.5,3.153,3.153
1022.0,3.153,3.153
1022.5,3.153,3.153
1023.0,3.153,3.153
1023.5,3.153,3.153
1024.0,3.153,3.153
1024.5,3.153,3.153
1025.0,3.153,3.153
1025.5,3.153,3.153
1026.0,3.153,3.153
1026.5,3.153,3.153
1027.0,3.153,3.153
1027.5,3.153,3.153
1028.0,3.153,3.153
1028.5,3.153,3.153
1029.0,3.153,3.153
1029.5,3.153,3.153
1030.0,3.153,3.153
1030.5,3.153,3.153
1031.0,3.153,3.153
1031.5,3.153,3.153
1032.0,3.153,3.153
1032.5,3.152,3.153
1033.0,3.153,3.153
1033.5,3.153,3.153
1034.0,3.153,3.153
1034.5,3.153,3.153
1035.0,3.153,3.153
1035.5,3.153,3.153
1036.0,3.152,3.153
1036.5,3.153,3.153
1037.0,3.152,3.153
1037.5,3.153,3.153
1038.0,3.153,3.153
1038.5,3.153,3.153
1039.0,3.153,3.153
1039.5,3.153,3.153
1040.0,3.153,3.153
1040.5,3.153,3.153
1041.0,3.153,3.153
1041.5,3.152,3.153
1042.0,3.153,3.153
1042.5,3.153,3.153
1043.0,3.153,3.153
1043.5,3.153,3.153
1044.0,3.153,3.153
1044.5,3.152,3.153
1045.0,3.153,3.153
1045.5,3.153,3.153
1046.0,3.152,3.153
1046.5,3.152,3.153
1047.0,3.153,3.153
1047.5,3.153,3.153
1048.0,3.153,3.153
1048.5,3.153,3.153
1049.0,3.153,3.153
1049.5,3.153,3.153
1050.0,3.153,3.153
1050.5,3.153,3.153
1051.0,3.153,3.153
1051.5,3.152,3.153
1052.0,3.153,3.153
1052.5,3.153,3.153
1053.0,3.153,3.153
1053.5,3.152,3.153
1054.0,3.153,3.153
1054.5,3.153,3.153
1055.0,3.153,3.153
1055.5,3.153,3.153
1056.0,3.153,3.153
1056.5,3.153,3.153
1057.0,3.153,3.153
1057.5,3.153,3.153
1058.0,3.153,3.153
1058.5,3.153,3.153
1059.0,3.153,3.153
1059.5,3.153,3.153
1060.0,3.153,3.153
1060.5,3.153,3.153
1061.0,3.153,3.153
1061.5,3.153,3.153
1062.0,3.153,3.153
1062.5,3.153,3.153
1063.0,3.153,3.153
1063.5,3.153,3.153
1064.0,3.152,3.153
1064.5,3.152,3.153
1065.0,3.153,3.153
1065.5,3.152,3.153
1066.0,3.152,3.153
1066.5,3.153,3.153
1067.0,3.152,3.153
1067.5,3.153,3.153
1068.0,3.153,3.153
1068.5,3.153,3.153
1069.0,3.153,3.152
1069.5,3.153,3.152
1070.0,3.152,3.153
1070.5,3.153,3.153
1071.0,3.153,3.153
1071.5,3.152,3.153
1072.0,3.152,3.153
1072.5,3.152,3.153
1073.0,3.153,3.153
1073.5,3.152,3.153
1074.0,3.152,3.153
1074.5,3.152,3.153
1075.0,3.153,3.153
1075.5,3.153,3.153
1076.0,3.153,3.153
1076.5,3.153,3.153
1077.0,3.153,3.153
1077.5,3.153,3.153
1078.0,3.152,3.153
1078.5,3.153,3.153
1079.0,3.153,3.153
1079.5,3.153,3.153
1080.0,3.152,3.153
1080.5,3.153,3.153
1081.0,3.153,3.153
1081.5,3.153,3.153
1082.0,3.153,3.153
1082.5,3.153,3.153
1083.0,3.153,3.153
1083.5,3.153,3.153
1084.0,3.153,3.153
1084.5,3.153,3.153
1085.0,3.152,3.153
1085.5,3.153,3.153
1086.0,3.153,3.153
1086.5,3.153,3.153
1087.0,3.152,3.153
1087.5,3.153,3.153
1088.0,3.152,3.153
1088.5,3.152,3.153
1089.0,3.152,3.153
1089.5,3.152,3.153
1090.0,3.153,3.152
1090.5,3.153,3.152
1091.0,3.152,3.152
1091.5,3.152,3.152
1092.0,3.153,3.152
1092.5,3.153,3.152
1093.0,3.152,3.152
1093.5,3.152,3.152
1094.0,3.153,3.152
1094.5,3.153,3.152
1095.0,3.152,3.152
1095.5,3.152,3.152
1096.0,3.152,3.152
1096.5,3.152,3.152
1097.0,3.153,3.152
1097.5,3.153,3.152
1098.0,3.153,3.152
1098.5,3.152,3.152
1099.0,3.152,3.152
1099.5,3.153,3.152
1100.0,3.152,3.152
1100.5,3.152,3.152
1101.0,3.152,3.152
1101.5,3.152,3.152
1102.0,3.152,3.152
1102.5,3.153,3.152
1103.0,3.152,3.152
1103.5,3.152,3.152
1104.0,3.152,3.152
1104.5,3.152,3.152
1105.0,3.152,3.152
1105.5,3.153,3.152
1106.0,3.152,3.152
1106.5,3.152,3.152
1107.0,3.152,3.152
1107.5,3.152,3.152
1108.0,3.152,3.152
1108.5,3.153,3.152
1109.0,3.152,3.152
1109.5,3.152,3.152
1110.0,3.152,3.152
1110.5,3.152,3.152
1111.0,3.152,3.152
1111.5,3.153,3.152
1112.0,3.153,3.152
1112.5,3.153,3.152
1113.0,3.153,3.152
1113.5,3.152,3.152
1114.0,3.152,3.152
1114.5,3.152,3.152
1115.0,3.152,3.152
1115.5,3.152,3.152
1116.0,3.152,3.152
1116.5,3.152,3.152
1117.0,3.152,3.152
1117.5,3.152,3.152
1118.0,3.152,3.152
1118.5,3.152,3.152
1119.0,3.152,3.152
1119.5,3.152,3.152
1120.0,3.152,3.152
1120.5,3.152,3.152
1121.0,3.152,3.152
1121.5,3.152,3.152
1122.0,3.152,3.152
1122.5,3.152,3.152
1123.0,3.152,3.152
1123.5,3.152,3.152
1124.0,3.152,3.152
1124.5,3.152,3.152
1125.0,3.152,3.152
1125.5,3.152,3.152
1126.0,3.152,3.152
1126.5,3.152,3.152
1127.0,3.152,3.152
1127.5,3.153,3.152
1128.0,3.153,3.152
1128.5,3.152,3.152
1129.0,3.152,3.152
1129.5,3.152,3.152
1130.0,3.152,3.152
1130.5,3.152,3.152
1131.0,3.152,3.152
1131.5,3.152,3.152
1132.0,3.152,3.152
1132.5,3.152,3.152
1133.0,3.152,3.152
1133.5,3.152,3.152
1134.0,3.152,3.152
1134.5,3.152,3.152
1135.0,3.152,3.152
1135.5,3.152,3.152
1136.0,3.152,3.152
1136.5,3.152,3.152
1137.0,3.152,3.152
1137.5,3.152,3.152
1138.0,3.152,3.152
1138.5,3.152,3.152
1139.0,3.152,3.152
1139.5,3.152,3.152
1140.0,3.152,3.152
1140.5,3.152,3.152
1141.0,3.152,3.152
1141.5,3.152,3.152
1142.0,3.152,3.152
1142.5,3.152,3.152
1143.0,3.152,3.152
1143.5,3.152,3.152
1144.0,3.152,3.152
1144.5,3.152,3.152
1145.0,3.152,3.152
1145.5,3.152,3.152
1146.0,3.152,3.152
1146.5,3.152,3.152
1147.0,3.152,3.152
1147.5,3.152,3.152
1148.0,3.151,3.152
1148.5,3.152,3.152
1149.0,3.152,3.152
1149.5,3.152,3.152
1150.0,3.152,3.152
1150.5,3.152,3.152
1151.0,3.152,3.152
1151.5,3.151,3.152
1152.0,3.151,3.152
1152.5,3.152,3.152
1153.0,3.152,3.152
1153.5,3.152,3.152
1154.0,3.152,3.152
1154.5,3.152,3.152
1155.0,3.152,3.152
1155.5,3.152,3.152
1156.0,3.151,3.152
1156.5,3.152,3.152
1157.0,3.151,3.152
1157.5,3.152,3.152
1158.0,3.152,3.152
1158.5,3.152,3.152
1159.0,3.152,3.152
1159.5,3.152,3.152
1160.0,3.151,3.152
1160.5,3.152,3.152
1161.0,3.151,3.152
1161.5,3.152,3.152
1162.0,3.151,3.152
1162.5,3.152,3.152
1163.0,3.152,3.152
1163.5,3.152,3.152
1164.0,3.152,3.152
1164.5,3.152,3.152
1165.0,3.152,3.152
1165.5,3.152,3.152
1166.0,3.152,3.152
1166.5,3.152,3.152
1167.0,3.152,3.152
1167.5,3.152,3.152
1168.0,3.151,3.152
1168.5,3.152,3.152
1169.0,3.151,3.152
1169.5,3.152,3.152
1170.0,3.152,3.152
1170.5,3.151,3.152
1171.0,3.152,3.152
1171.5,3.152,3.152
1172.0,3.152,3.152
1172.5,3.152,3.152
1173.0,3.152,3.152
1173.5,3.151,3.152
1174.0,3.151,3.152
1174.5,3.152,3.152
1175.0,3.152,3.152
1175.5,3.151,3.152
1176.0,3.152,3.152
1176.5,3.151,3.152
1177.0,3.152,3.152
1177.5,3.152,3.151
1178.0,3.151,3.151
1178.5,3.152,3.151
1179.0,3.152,3.151
1179.5,3.151,3.152
1180.0,3.151,3.152
1180.5,3.152,3.151
1181.0,3.151,3.151
1181.5,3.151,3.151
1182.0,3.151,3.152
1182.5,3.151,3.151
1183.0,3.152,3.151
1183.5,3.152,3.152
1184.0,3.151,3.151
1184.5,3.152,3.151
1185.0,3.152,3.151
1185.5,3.151,3.151
1186.0,3.151,3.151
1186.5,3.152,3.151
1187.0,3.152,3.151
1187.5,3.151,3.152
1188.0,3.152,3.152
1188.5,3.152,3.152
1189.0,3.151,3.152
1189.5,3.152,3.152
1190.0,3.151,3.152
1190.5,3.151,3.152
1191.0,3.151,3.152
1191.5,3.152,3.152
1192.0,3.151,3.152
1192.5,3.152,3.152
1193.0,3.152,3.152
1193.5,3.152,3.152
1194.0,3.152,3.152
1194.5,3.152,3.152
1195.0,3.152,3.152
1195.5,3.152,3.152
1196.0,3.151,3.152
1196.5,3.152,3.152
1197.0,3.152,3.151
1197.5,3.151,3.151
1198.0,3.151,3.151
1198.5,3.152,3.151
1199.0,3.151,3.151
1199.5,3.151,3.151
1200.0,3.151,3.151
1200.5,3.151,3.151
1201.0,3.151,3.151
1201.5,3.151,3.151
1202.0,3.151,3.151
1202.5,3.151,3.151
1203.0,3.151,3.151
1203.5,3.151,3.151
1204.0,3.151,3.151
1204.5,3.151,3.151
1205.0,3.151,3.151
1205.5,3.151,3.151
1206.0,3.151,3.151
1206.5,3.151,3.151
1207.0,3.151,3.151
1207.5,3.151,3.151
1208.0,3.151,3.151
1208.5,3.151,3.151
1209.0,3.151,3.151
1209.5,3.151,3.151
1210.0,3.151,3.151
1210.5,3.151,3.151
1211.0,3.151,3.151
1211.5,3.151,3.151
1212.0,3.151,3.151
1212.5,3.151,3.151
1213.0,3.151,3.151
1213.5,3.151,3.151
1214.0,3.151,3.151
1214.5,3.151,3.151
1215.0,3.151,3.151
1215.5,3.151,3.151
1216.0,3.15,3.15
1216.5,3.15,3.15
1217.0,3.15,3.15
1217.5,3.15,3.15
1218.0,3.15,3.15
1218.5,3.15,3.15
1219.0,3.149,3.15
1219.5,3.149,3.149
1220.0,3.149,3.149
1220.5,3.149,3.149
1221.0,3.149,3.149
1221.5,3.149,3.149
1222.0,3.149,3.149
1222.5,3.149,3.149
1223.0,3.15,3.149
1223.5,3.149,3.149
1224.0,3.149,3.149
1224.5,3.149,3.149
1225.0,3.149,3.149
1225.5,3.149,3.149
1226.0,3.149,3.149
1226.5,3.149,3.149
1227.0,3.149,3.149
1227.5,3.149,3.149
1228.0,3.149,3.149
1228.5,3.149,3.149
1229.0,3.149,3.149
1229.5,3.149,3.149
1230.0,3.149,3.149
1230.5,3.149,3.149
1231.0,3.149,3.149
1231.5,3.149,3.149
1232.0,3.149,3.149
1232.5,3.149,3.149
1233.0,3.149,3.149
1233.5,3.149,3.149
1234.0,3.148,3.149
1234.5,3.149,3.149
1235.0,3.149,3.149
1235.5,3.148,3.149
1236.0,3.148,3.149
1236.5,3.149,3.148
1237.0,3.149,3.148
1237.5,3.148,3.148
1238.0,3.148,3.148
1238.5,3.148,3.148
1239.0,3.148,3.148
1239.5,3.148,3.148
1240.0,3.148,3.148
1240.5,3.149,3.148
1241.0,3.148,3.148
1241.5,3.148,3.148
1242.0,3.148,3.148
1242.5,3.148,3.148
1243.0,3.149,3.148
1243.5,3.148,3.148
1244.0,3.148,3.149
1244.5,3.149,3.149
1245.0,3.149,3.149
1245.5,3.149,3.149
1246.0,3.148,3.149
1246.5,3.149,3.149
1247.0,3.149,3.149
1247.5,3.149,3.149
1248.0,3.149,3.149
1248.5,3.149,3.149
1249.0,3.149,3.149
1249.5,3.149,3.149
1250.0,3.149,3.149
1250.5,3.149,3.149
1251.0,3.149,3.149
1251.5,3.149,3.149
1252.0,3.149,3.149
1252.5,3.148,3.149
1253.0,3.149,3.149
1253.5,3.149,3.149
1254.0,3.148,3.149
1254.5,3.148,3.149
1255.0,3.148,3.148
1255.5,3.148,3.148
1256.0,3.149,3.148
1256.5,3.149,3.148
1257.0,3.148,3.148
1257.5,3.148,3.148
1258.0,3.149,3.148
1258.5,3.148,3.148
1259.0,3.148,3.148
1259.5,3.148,3.148
1260.0,3.148,3.148
1260.5,3.148,3.148
1261.0,3.148,3.148
1261.5,3.148,3.148
1262.0,3.148,3.148
1262.5,3.148,3.148
1263.0,3.148,3.148
1263.5,3.148,3.148
1264.0,3.148,3.148
1264.5,3.148,3.148
1265.0,3.149,3.148
1265.5,3.149,3.148
1266.0,3.148,3.148
1266.5,3.148,3.148
1267.0,3.148,3.148
1267.5,3.148,3.148
1268.0,3.148,3.148
1268.5,3.148,3.148
1269.0,3.148,3.148
1269.5,3.148,3.148
1270.0,3.148,3.148
1270.5,3.148,3.148
1271.0,3.148,3.148
1271.5,3.148,3.148
1272.0,3.148,3.148
1272.5,3.148,3.148
1273.0,3.148,3.148
1273.5,3.148,3.148
1274.0,3.148,3.148
1274.5,3.148,3.148
1275.0,3.148,3.148
1275.5,3.148,3.148
1276.0,3.148,3.148
1276.5,3.147,3.148
1277.0,3.148,3.148
1277.5,3.148,3.148
1278.0,3.148,3.148
1278.5,3.148,3.148
1279.0,3.148,3.148
1279.5,3.148,3.148
1280.0,3.148,3.148
1280.5,3.148,3.148
1281.0,3.148,3.148
1281.5,3.148,3.148
1282.0,3.148,3.148
1282.5,3.148,3.148
1283.0,3.148,3.148
1283.5,3.148,3.148
1284.0,3.148,3.148
1284.5,3.148,3.148
1285.0,3.148,3.148
1285.5,3.148,3.148
1286.0,3.148,3.148
1286.5,3.148,3.148
1287.0,3.148,3.148
1287.5,3.148,3.148
1288.0,3.148,3.148
1288.5,3.148,3.148
1289.0,3.148,3.148
1289.5,3.148,3.148
1290.0,3.148,3.148
1290.5,3.148,3.148
1291.0,3.148,3.148
1291.5,3.148,3.148
1292.0,3.148,3.148
1292.5,3.148,3.148
1293.0,3.148,3.148
1293.5,3.148,3.148
1294.0,3.148,3.148
1294.5,3.148,3.148
1295.0,3.148,3.148
1295.5,3.148,3.148
1296.0,3.149,3.148
1296.5,3.149,3.148
1297.0,3.148,3.148
1297.5,3.149,3.148
1298.0,3.148,3.148
1298.5,3.148,3.148
1299.0,3.148,3.148
1299.5,3.148,3.148
1300.0,3.148,3.148
1300.5,3.148,3.148
1301.0,3.148,3.148
1301.5,3.148,3.148
1302.0,3.148,3.148
1302.5,3.148,3.148
1303.0,3.148,3.148
1303.5,3.148,3.148
1304.0,3.148,3.148
1304.5,3.148,3.148
1305.0,3.148,3.148
1305.5,3.148,3.148
1306.0,3.148,3.148
1306.5,3.148,3.148
1307.0,3.148,3.148
1307.5,3.148,3.148
1308.0,3.148,3.148
1308.5,3.148,3.148
1309.0,3.148,3.148
1309.5,3.148,3.148
1310.0,3.148,3.148
1310.5,3.148,3.148
1311.0,3.148,3.148
1311.5,3.148,3.148
1312.0,3.148,3.148
1312.5,3.148,3.148
1313.0,3.148,3.148
1313.5,3.148,3.148
1314.0,3.148,3.148
1314.5,3.148,3.148
1315.0,3.148,3.148
1315.5,3.148,3.148
1316.0,3.148,3.148
1316.5,3.148,3.148
1317.0,3.148,3.148
1317.5,3.148,3.148
1318.0,3.148,3.148
1318.5,3.148,3.148
1319.0,3.148,3.148
1319.5,3.148,3.148
1320.0,3.148,3.148
1320.5,3.148,3.148
1321.0,3.148,3.148
1321.5,3.148,3.148
1322.0,3.148,3.148
1322.5,3.148,3.148
1323.0,3.148,3.148
1323.5,3.148,3.148
1324.0,3.148,3.148
1324.5,3.148,3.148
1325.0,3.148,3.148
1325.5,3.148,3.148
1326.0,3.148,3.148
1326.5,3.148,3.148
1327.0,3.148,3.148
1327.5,3.148,3.148
1328.0,3.147,3.148
1328.5,3.148,3.148
1329.0,3.148,3.148
1329.5,3.147,3.148
1330.0,3.148,3.148
1330.5,3.147,3.148
1331.0,3.148,3.148
1331.5,3.148,3.148
1332.0,3.147,3.148
1332.5,3.148,3.148
1333.0,3.148,3.148
1333.5,3.147,3.148
1334.0,3.148,3.148
1334.5,3.147,3.147
1335.0,3.148,3.148
1335.5,3.147,3.147
1336.0,3.148,3.147
1336.5,3.148,3.147
1337.0,3.147,3.147
1337.5,3.147,3.147
1338.0,3.147,3.147
1338.5,3.148,3.147
1339.0,3.147,3.147
1339.5,3.147,3.147
1340.0,3.148,3.147
1340.5,3.147,3.147
1341.0,3.147,3.147
1341.5,3.147,3.147
1342.0,3.147,3.147
1342.5,3.147,3.147
1343.0,3.147,3.147
1343.5,3.148,3.147
1344.0,3.147,3.147
1344.5,3.147,3.147
1345.0,3.147,3.147
1345.5,3.147,3.147
1346.0,3.147,3.147
1346.5,3.147,3.147
1347.0,3.147,3.147
1347.5,3.147,3.147
1348.0,3.147,3.147
1348.5,3.147,3.147
1349.0,3.147,3.147
1349.5,3.147,3.147
1350.0,3.147,3.147
1350.5,3.148,3.147
1351.0,3.148,3.147
1351.5,3.147,3.147
1352.0,3.147,3.147
1352.5,3.147,3.147
1353.0,3.147,3.147
1353.5,3.147,3.147
1354.0,3.148,3.147
1354.5,3.148,3.147
1355.0,3.147,3.147
1355.5,3.147,3.147
1356.0,3.147,3.147
1356.5,3.148,3.147
1357.0,3.148,3.147
1357.5,3.147,3.147
1358.0,3.148,3.147
1358.5,3.147,3.147
1359.0,3.147,3.147
1359.5,3.147,3.147
1360.0,3.147,3.147
1360.5,3.147,3.147
1361.0,3.147,3.147
1361.5,3.147,3.147
1362.0,3.146,3.147
1362.5,3.146,3.147
1363.0,3.147,3.147
1363.5,3.147,3.147
1364.0,3.147,3.147
1364.5,3.147,3.147
1365.0,3.147,3.147
1365.5,3.147,3.147
1366.0,3.147,3.147
1366.5,3.147,3.147
1367.0,3.147,3.147
1367.5,3.146,3.147
1368.0,3.147,3.147
1368.5,3.147,3.147
1369.0,3.147,3.147
1369.5,3.147,3.147
1370.0,3.147,3.147
1370.5,3.147,3.147
1371.0,3.146,3.147
1371.5,3.146,3.147
1372.0,3.147,3.147
1372.5,3.147,3.147
1373.0,3.147,3.147
1373.5,3.147,3.147
1374.0,3.147,3.147
1374.5,3.147,3.147
1375.0,3.147,3.147
1375.5,3.147,3.147
1376.0,3.147,3.147
1376.5,3.147,3.147
1377.0,3.146,3.147
1377.5,3.146,3.147
1378.0,3.147,3.147
1378.5,3.147,3.147
1379.0,3.147,3.147
1379.5,3.147,3.147
1380.0,3.147,3.147
1380.5,3.147,3.147
1381.0,3.147,3.147
1381.5,3.147,3.147
1382.0,3.147,3.147
1382.5,3.147,3.147
1383.0,3.146,3.147
1383.5,3.146,3.147
1384.0,3.147,3.147
1384.5,3.147,3.146
1385.0,3.147,3.146
1385.5,3.146,3.146
1386.0,3.146,3.146
1386.5,3.146,3.146
1387.0,3.146,3.146
1387.5,3.146,3.146
1388.0,3.146,3.146
1388.5,3.146,3.146
1389.0,3.146,3.146
1389.5,3.146,3.146
1390.0,3.146,3.146
1390.5,3.146,3.146
1391.0,3.146,3.146
1391.5,3.146,3.146
1392.0,3.146,3.146
1392.5,3.146,3.146
1393.0,3.146,3.146
1393.5,3.146,3.146
1394.0,3.146,3.146
1394.5,3.146,3.146
1395.0,3.146,3.146
1395.5,3.146,3.146
1396.0,3.146,3.146
1396.5,3.146,3.146
1397.0,3.146,3.146
1397.5,3.146,3.146
1398.0,3.146,3.146
1398.5,3.146,3.146
1399.0,3.146,3.146
1399.5,3.146,3.146
1400.0,3.146,3.146
1400.5,3.146,3.146
1401.0,3.146,3.146
1401.5,3.146,3.146
1402.0,3.146,3.146
1402.5,3.146,3.146
1403.0,3.146,3.146
1403.5,3.145,3.146
1404.0,3.146,3.146
1404.5,3.146,3.146
1405.0,3.146,3.146
1405.5,3.145,3.146
1406.0,3.146,3.146
1406.5,3.146,3.146
1407.0,3.146,3.146
1407.5,3.146,3.146
1408.0,3.145,3.146
1408.5,3.146,3.146
1409.0,3.145,3.146
1409.5,3.146,3.146
1410.0,3.146,3.146
1410.5,3.146,3.146
1411.0,3.146,3.146
1411.5,3.146,3.146
1412.0,3.146,3.146
1412.5,3.146,3.146
1413.0,3.146,3.146
1413.5,3.146,3.146
1414.0,3.146,3.146
1414.5,3.146,3.146
1415.0,3.146,3.146
1415.5,3.146,3.146
1416.0,3.145,3.146
1416.5,3.145,3.146
1417.0,3.146,3.146
1417.5,3.146,3.146
1418.0,3.146,3.146
1418.5,3.146,3.146
1419.0,3.145,3.146
1419.5,3.146,3.146
1420.0,3.146,3.146
1420.5,3.145,3.146
1421.0,3.145,3.146
1421.5,3.146,3.146
1422.0,3.146,3.146
1422.5,3.146,3.146
1423.0,3.146,3.146
1423.5,3.146,3.146
1424.0,3.146,3.146
1424.5,3.146,3.146
1425.0,3.146,3.146
1425.5,3.146,3.146
1426.0,3.146,3.146
1426.5,3.146,3.146
1427.0,3.146,3.146
1427.5,3.146,3.146
1428.0,3.146,3.146
1428.5,3.146,3.146
1429.0,3.146,3.146
1429.5,3.146,3.146
1430.0,3.146,3.146
1430.5,3.146,3.146
1431.0,3.146,3.146
1431.5,3.146,3.146
1432.0,3.146,3.146
1432.5,3.146,3.146
1433.0,3.146,3.146
1433.5,3.146,3.146
1434.0,3.147,3.146
1434.5,3.146,3.146
1435.0,3.146,3.146
1435.5,3.146,3.146
1436.0,3.146,3.146
1436.5,3.146,3.146
1437.0,3.146,3.146
1437.5,3.146,3.146
1438.0,3.146,3.146
1438.5,3.146,3.146
1439.0,3.146,3.146
1439.5,3.146,3.146
1440.0,3.146,3.146
1440.5,3.146,3.146
1441.0,3.146,3.146
1441.5,3.146,3.146
1442.0,3.146,3.146
1442.5,3.146,3.146
1443.0,3.146,3.146
1443.5,3.146,3.146
1444.0,3.146,3.146
1444.5,3.146,3.146
1445.0,3.146,3.146
1445.5,3.146,3.146
1446.0,3.146,3.146
1446.5,3.146,3.146
1447.0,3.146,3.146
1447.5,3.146,3.146
1448.0,3.146,3.146
1448.5,3.146,3.146
1449.0,3.146,3.146
1449.5,3.146,3.146
1450.0,3.146,3.146
1450.5,3.146,3.146
1451.0,3.145,3.146
1451.5,3.146,3.146
1452.0,3.146,3.146
1452.5,3.146,3.146
1453.0,3.146,3.146
1453.5,3.146,3.146
1454.0,3.146,3.146
1454.5,3.146,3.146
1455.0,3.146,3.146
1455.5,3.146,3.146
1456.0,3.146,3.146
1456.5,3.146,3.146
1457.0,3.146,3.146
1457.5,3.146,3.146
1458.0,3.146,3.146
1458.5,3.146,3.146
1459.0,3.146,3.146
1459.5,3.146,3.146
1460.0,3.146,3.146
1460.5,3.146,3.146
1461.0,3.145,3.146
1461.5,3.146,3.146
1462.0,3.146,3.146
1462.5,3.146,3.146
1463.0,3.146,3.146
1463.5,3.146,3.146
1464.0,3.146,3.146
1464.5,3.145,3.146
1465.0,3.146,3.146
1465.5,3.146,3.146
1466.0,3.146,3.146
1466.5,3.146,3.146
1467.0,3.146,3.146
1467.5,3.146,3.146
1468.0,3.146,3.146
1468.5,3.146,3.146
1469.0,3.146,3.146
1469.5,3.146,3.146
1470.0,3.146,3.146
1470.5,3.145,3.146
1471.0,3.146,3.146
1471.5,3.146,3.146
1472.0,3.146,3.146
1472.5,3.146,3.146
1473.0,3.146,3.146
1473.5,3.146,3.146
1474.0,3.146,3.146
1474.5,3.146,3.146
1475.0,3.146,3.146
1475.5,3.146,3.146
1476.0,3.145,3.146
1476.5,3.146,3.146
1477.0,3.146,3.146
1477.5,3.146,3.146
1478.0,3.145,3.146
1478.5,3.145,3.146
1479.0,3.146,3.146
1479.5,3.146,3.145
1480.0,3.145,3.145
1480.5,3.146,3.145
1481.0,3.146,3.145
1481.5,3.145,3.145
1482.0,3.145,3.145
1482.5,3.145,3.145
1483.0,3.145,3.145
1483.5,3.145,3.145
1484.0,3.145,3.145
1484.5,3.145,3.145
1485.0,3.145,3.145
1485.5,3.145,3.145
1486.0,3.146,3.145
1486.5,3.146,3.145
1487.0,3.145,3.145
1487.5,3.146,3.145
1488.0,3.145,3.145
1488.5,3.146,3.146
1489.0,3.146,3.146
1489.5,3.145,3.146
1490.0,3.146,3.146
1490.5,3.146,3.146
1491.0,3.145,3.146
1491.5,3.146,3.146
1492.0,3.146,3.146
1492.5,3.146,3.146
1493.0,3.145,3.146
1493.5,3.146,3.146
1494.0,3.145,3.145
1494.5,3.146,3.145
1495.0,3.145,3.145
1495.5,3.145,3.145
1496.0,3.146,3.145
1496.5,3.145,3.145
1497.0,3.146,3.145
1497.5,3.145,3.145
1498.0,3.145,3.145
1498.5,3.145,3.145
1499.0,3.145,3.145
1499.5,3.145,3.145
1500.0,3.145,3.145
1500.5,3.145,3.145
1501.0,3.145,3.145
1501.5,3.145,3.145
1502.0,3.145,3.145
1502.5,3.145,3.145
1503.0,3.145,3.145
1503.5,3.146,3.145
1504.0,3.145,3.145
1504.5,3.146,3.145
1505.0,3.145,3.145
1505.5,3.145,3.145
1506.0,3.145,3.145
1506.5,3.145,3.145
1507.0,3.145,3.145
1507.5,3.145,3.145
1508.0,3.145,3.145
1508.5,3.145,3.145
1509.0,3.145,3.145
1509.5,3.145,3.145
1510.0,3.145,3.145
1510.5,3.145,3.145
1511.0,3.145,3.145
1511.5,3.145,3.145
1512.0,3.145,3.145
1512.5,3.145,3.145
1513.0,3.145,3.145
1513.5,3.145,3.145
1514.0,3.145,3.145
1514.5,3.145,3.145
1515.0,3.145,3.145
1515.5,3.145,3.145
1516.0,3.145,3.145
1516.5,3.145,3.145
1517.0,3.145,3.145
1517.5,3.145,3.145
1518.0,3.145,3.145
1518.5,4.35,3.145
1519.0,5.555,3.145
1519.5,5.5600000000000005,3.145
1520.0,5.565,3.145
1520.5,5.566,3.145
1521.0,5.666,3.145
1521.5,5.666,3.145
1522.0,5.566,3.145
1522.5,5.566,3.145
